{
    "name": "root",
    "gauges": {
        "SoccerTwos.Policy.Entropy.mean": {
            "value": 2.456737995147705,
            "min": 1.9745320081710815,
            "max": 2.540922164916992,
            "count": 100
        },
        "SoccerTwos.Policy.Entropy.sum": {
            "value": 104745.484375,
            "min": 81710.0859375,
            "max": 106909.328125,
            "count": 100
        },
        "SoccerTwos.Step.mean": {
            "value": 1999956.0,
            "min": 19983.0,
            "max": 1999956.0,
            "count": 100
        },
        "SoccerTwos.Step.sum": {
            "value": 1999956.0,
            "min": 19983.0,
            "max": 1999956.0,
            "count": 100
        },
        "SoccerTwos.Policy.ExtrinsicBaselineEstimate.mean": {
            "value": -331.5262451171875,
            "min": -2581.2158203125,
            "max": 115.09589385986328,
            "count": 100
        },
        "SoccerTwos.Policy.ExtrinsicBaselineEstimate.sum": {
            "value": -106419.921875,
            "min": -867467.375,
            "max": 37060.87890625,
            "count": 100
        },
        "SoccerTwos.Policy.ExtrinsicValueEstimate.mean": {
            "value": -305.0917663574219,
            "min": -2746.943359375,
            "max": 117.57218170166016,
            "count": 100
        },
        "SoccerTwos.Policy.ExtrinsicValueEstimate.sum": {
            "value": -97934.453125,
            "min": -928466.875,
            "max": 37858.2421875,
            "count": 100
        },
        "SoccerTwos.Environment.EpisodeLength.mean": {
            "value": 238.0,
            "min": 153.0,
            "max": 477.6666666666667,
            "count": 100
        },
        "SoccerTwos.Environment.EpisodeLength.sum": {
            "value": 7854.0,
            "min": 6842.0,
            "max": 31042.0,
            "count": 100
        },
        "SoccerTwos.Self-play.ELO.mean": {
            "value": 1203.7022015339112,
            "min": 1184.8329038374436,
            "max": 1220.13299273359,
            "count": 97
        },
        "SoccerTwos.Self-play.ELO.sum": {
            "value": 12037.022015339113,
            "min": 5941.390287517101,
            "max": 58566.38365121232,
            "count": 97
        },
        "SoccerTwos.Environment.CumulativeReward.mean": {
            "value": -1.2114600544174512,
            "min": -2765.3719129296264,
            "max": 8.708747085556388,
            "count": 100
        },
        "SoccerTwos.Environment.CumulativeReward.sum": {
            "value": -18.17190081626177,
            "min": -97228.45099104522,
            "max": 166.18471317971125,
            "count": 100
        },
        "SoccerTwos.Policy.ExtrinsicReward.mean": {
            "value": -6.057300086816152,
            "min": -16592.4242152747,
            "max": 43.62260313630104,
            "count": 100
        },
        "SoccerTwos.Policy.ExtrinsicReward.sum": {
            "value": -90.85950130224228,
            "min": -583326.2943737507,
            "max": 836.1875287890434,
            "count": 100
        },
        "SoccerTwos.Environment.GroupCumulativeReward.mean": {
            "value": 0.0,
            "min": -0.7619047619047619,
            "max": 0.43587027375611503,
            "count": 100
        },
        "SoccerTwos.Environment.GroupCumulativeReward.sum": {
            "value": 0.0,
            "min": -29.94599986076355,
            "max": 16.127200128976256,
            "count": 100
        },
        "SoccerTwos.IsTraining.mean": {
            "value": 1.0,
            "min": 1.0,
            "max": 1.0,
            "count": 100
        },
        "SoccerTwos.IsTraining.sum": {
            "value": 1.0,
            "min": 1.0,
            "max": 1.0,
            "count": 100
        },
        "SoccerTwos.Losses.PolicyLoss.mean": {
            "value": 0.015521305774301355,
            "min": 0.011994250436449269,
            "max": 0.023765794957095448,
            "count": 80
        },
        "SoccerTwos.Losses.PolicyLoss.sum": {
            "value": 0.015521305774301355,
            "min": 0.011994250436449269,
            "max": 0.023765794957095448,
            "count": 80
        },
        "SoccerTwos.Losses.ValueLoss.mean": {
            "value": 10403.213812934027,
            "min": 10403.213812934027,
            "max": 279288.03797743056,
            "count": 80
        },
        "SoccerTwos.Losses.ValueLoss.sum": {
            "value": 10403.213812934027,
            "min": 10403.213812934027,
            "max": 279288.03797743056,
            "count": 80
        },
        "SoccerTwos.Losses.BaselineLoss.mean": {
            "value": 33046.81863064236,
            "min": 23723.75851779514,
            "max": 10521385.583333334,
            "count": 80
        },
        "SoccerTwos.Losses.BaselineLoss.sum": {
            "value": 33046.81863064236,
            "min": 23723.75851779514,
            "max": 10521385.583333334,
            "count": 80
        },
        "SoccerTwos.Policy.LearningRate.mean": {
            "value": 0.0003,
            "min": 0.0003,
            "max": 0.0003,
            "count": 80
        },
        "SoccerTwos.Policy.LearningRate.sum": {
            "value": 0.0003,
            "min": 0.0003,
            "max": 0.0003,
            "count": 80
        },
        "SoccerTwos.Policy.Epsilon.mean": {
            "value": 0.20000000000000004,
            "min": 0.20000000000000004,
            "max": 0.20000000000000004,
            "count": 80
        },
        "SoccerTwos.Policy.Epsilon.sum": {
            "value": 0.20000000000000004,
            "min": 0.20000000000000004,
            "max": 0.20000000000000004,
            "count": 80
        },
        "SoccerTwos.Policy.Beta.mean": {
            "value": 0.005000000000000001,
            "min": 0.005000000000000001,
            "max": 0.005000000000000001,
            "count": 80
        },
        "SoccerTwos.Policy.Beta.sum": {
            "value": 0.005000000000000001,
            "min": 0.005000000000000001,
            "max": 0.005000000000000001,
            "count": 80
        }
    },
    "metadata": {
        "timer_format_version": "0.1.0",
        "start_time_seconds": "1684874227",
        "python_version": "3.8.16 (default, Mar  2 2023, 03:18:16) [MSC v.1916 64 bit (AMD64)]",
        "command_line_arguments": "C:\\Users\\asuca\\anaconda3\\envs\\unity38\\Scripts\\mlagents-learn config\\ppo\\Soccer.yaml --force --run-id=recompensasWall3 --initialize-from recompensasRol2",
        "mlagents_version": "0.30.0",
        "mlagents_envs_version": "0.30.0",
        "communication_protocol_version": "1.5.0",
        "pytorch_version": "1.7.1+cu110",
        "numpy_version": "1.21.2",
        "end_time_seconds": "1684880717"
    },
    "total": 6491.351801700001,
    "count": 1,
    "self": 0.0063018999999258085,
    "children": {
        "run_training.setup": {
            "total": 0.0865608,
            "count": 1,
            "self": 0.0865608
        },
        "TrainerController.start_learning": {
            "total": 6491.258939,
            "count": 1,
            "self": 2.608688300011636,
            "children": {
                "TrainerController._reset_env": {
                    "total": 10.206409299995745,
                    "count": 198,
                    "self": 10.206409299995745
                },
                "TrainerController.advance": {
                    "total": 6478.159249199993,
                    "count": 126744,
                    "self": 2.828134099944691,
                    "children": {
                        "env_step": {
                            "total": 4285.577017600019,
                            "count": 126744,
                            "self": 3463.652899699996,