{
    "name": "root",
    "gauges": {
        "SoccerTwos.Policy.Entropy.mean": {
            "value": 2.2873404026031494,
            "min": 2.0352625846862793,
            "max": 2.392845392227173,
            "count": 555
        },
        "SoccerTwos.Policy.Entropy.sum": {
            "value": 105400.6484375,
            "min": 82829.1171875,
            "max": 107083.9453125,
            "count": 555
        },
        "SoccerTwos.Step.mean": {
            "value": 11099962.0,
            "min": 19944.0,
            "max": 11099962.0,
            "count": 555
        },
        "SoccerTwos.Step.sum": {
            "value": 11099962.0,
            "min": 19944.0,
            "max": 11099962.0,
            "count": 555
        },
        "SoccerTwos.Policy.ExtrinsicBaselineEstimate.mean": {
            "value": 26.26123046875,
            "min": -12.339888572692871,
            "max": 157.25039672851562,
            "count": 555
        },
        "SoccerTwos.Policy.ExtrinsicBaselineEstimate.sum": {
            "value": 8613.68359375,
            "min": -3973.444091796875,
            "max": 50005.625,
            "count": 555
        },
        "SoccerTwos.Policy.ExtrinsicValueEstimate.mean": {
            "value": 24.327308654785156,
            "min": -18.483537673950195,
            "max": 168.40350341796875,
            "count": 555
        },
        "SoccerTwos.Policy.ExtrinsicValueEstimate.sum": {
            "value": 7979.357421875,
            "min": -5951.69921875,
            "max": 53552.3125,
            "count": 555
        },
        "SoccerTwos.Environment.EpisodeLength.mean": {
            "value": 168.0,
            "min": 51.666666666666664,
            "max": 302.0,
            "count": 555
        },
        "SoccerTwos.Environment.EpisodeLength.sum": {
            "value": 14112.0,
            "min": 1860.0,
            "max": 25800.0,
            "count": 555
        },
        "SoccerTwos.Self-play.ELO.mean": {
            "value": 1143.7117676300338,
            "min": 1143.7117676300338,
            "max": 1228.1976290282603,
            "count": 542
        },
        "SoccerTwos.Self-play.ELO.sum": {
            "value": 48035.89424046142,
            "min": 6971.536433421377,
            "max": 70721.93397000649,
            "count": 542
        },
        "SoccerTwos.Environment.CumulativeReward.mean": {
            "value": 4.066071668107595,
            "min": -33.081335485809376,
            "max": 42.863533332943916,
            "count": 555
        },
        "SoccerTwos.Environment.CumulativeReward.sum": {
            "value": 170.77501006051898,
            "min": -1107.657980490476,
            "max": 861.407817941159,
            "count": 555
        },
        "SoccerTwos.Policy.ExtrinsicReward.mean": {
            "value": 24.259712415082113,
            "min": -199.48801316155328,
            "max": 256.18120924631756,
            "count": 555
        },
        "SoccerTwos.Policy.ExtrinsicReward.sum": {
            "value": 1018.9079214334488,
            "min": -6656.958588957787,
            "max": 5136.542759776115,
            "count": 555
        },
        "SoccerTwos.Environment.GroupCumulativeReward.mean": {
            "value": -0.13671428178037917,
            "min": -1.0,
            "max": 0.7265000194311142,
            "count": 555
        },
        "SoccerTwos.Environment.GroupCumulativeReward.sum": {
            "value": -5.741999834775925,
            "min": -48.0,
            "max": 17.43600046634674,
            "count": 555
        },
        "SoccerTwos.IsTraining.mean": {
            "value": 1.0,
            "min": 1.0,
            "max": 1.0,
            "count": 555
        },
        "SoccerTwos.IsTraining.sum": {
            "value": 1.0,
            "min": 1.0,
            "max": 1.0,
            "count": 555
        },
        "SoccerTwos.Losses.PolicyLoss.mean": {
            "value": 0.018059137561875913,
            "min": 0.013717184501830262,
            "max": 0.02436483506527212,
            "count": 436
        },
        "SoccerTwos.Losses.PolicyLoss.sum": {
            "value": 0.018059137561875913,
            "min": 0.013717184501830262,
            "max": 0.02436483506527212,
            "count": 436
        },
        "SoccerTwos.Losses.ValueLoss.mean": {
            "value": 96.86177910698785,
            "min": 57.14472018347846,
            "max": 644.4475919935438,
            "count": 436
        },
        "SoccerTwos.Losses.ValueLoss.sum": {
            "value": 96.86177910698785,
            "min": 57.14472018347846,
            "max": 644.4475919935438,
            "count": 436
        },
        "SoccerTwos.Losses.BaselineLoss.mean": {
            "value": 176.77891879611545,
            "min": 72.95812394883897,
            "max": 1703.326439751519,
            "count": 436
        },
        "SoccerTwos.Losses.BaselineLoss.sum": {
            "value": 176.77891879611545,
            "min": 72.95812394883897,
            "max": 1703.326439751519,
            "count": 436
        },
        "SoccerTwos.Policy.LearningRate.mean": {
            "value": 0.0003,
            "min": 0.0003,
            "max": 0.0003,
            "count": 436
        },
        "SoccerTwos.Policy.LearningRate.sum": {
            "value": 0.0003,
            "min": 0.0003,
            "max": 0.0003,
            "count": 436
        },
        "SoccerTwos.Policy.Epsilon.mean": {
            "value": 0.20000000000000004,
            "min": 0.20000000000000004,
            "max": 0.20000000000000004,
            "count": 436
        },
        "SoccerTwos.Policy.Epsilon.sum": {
            "value": 0.20000000000000004,
            "min": 0.20000000000000004,
            "max": 0.20000000000000004,
            "count": 436
        },
        "SoccerTwos.Policy.Beta.mean": {
            "value": 0.005000000000000001,
            "min": 0.005000000000000001,
            "max": 0.005000000000000001,
            "count": 436
        },
        "SoccerTwos.Policy.Beta.sum": {
            "value": 0.005000000000000001,
            "min": 0.005000000000000001,
            "max": 0.005000000000000001,
            "count": 436
        }
    },
    "metadata": {
        "timer_format_version": "0.1.0",
        "start_time_seconds": "1686771425",
        "python_version": "3.8.16 (default, Mar  2 2023, 03:18:16) [MSC v.1916 64 bit (AMD64)]",
        "command_line_arguments": "C:\\Users\\asuca\\anaconda3\\envs\\unity38\\Scripts\\mlagents-learn config\\ppo\\Soccer.yaml --force --run-id=AjusteParametros --initialize-from MidAndPass --no-graphics --time-scale 20",
        "mlagents_version": "0.30.0",
        "mlagents_envs_version": "0.30.0",
        "communication_protocol_version": "1.5.0",
        "pytorch_version": "1.7.1+cu110",
        "numpy_version": "1.23.5",
        "end_time_seconds": "1686797274"
    },
    "total": 25849.3628451,
    "count": 1,
    "self": 0.00819720000072266,
    "children": {
        "run_training.setup": {
            "total": 0.09779859999999996,
            "count": 1,
            "self": 0.09779859999999996
        },
        "TrainerController.start_learning": {
            "total": 25849.2568493,
            "count": 1,
            "self": 6.898363499520201,
            "children": {
                "TrainerController._reset_env": {
                    "total": 56.14895990002482,
                    "count": 1024,
                    "self": 56.14895990002482
                },
                "TrainerController.advance": {
                    "total": 25785.879320900454,
                    "count": 328386,
                    "self": 7.353358901440515,
                    "children": {
                        "env_step": {
                            "total": 12047.66479630022,
                            "count": 328386,
                            "self": 9606.432245299959,