{
    "name": "root",
    "gauges": {
        "SoccerTwos.Policy.Entropy.mean": {
            "value": 2.496720790863037,
            "min": 2.227360486984253,
            "max": 3.2601356506347656,
            "count": 1116
        },
        "SoccerTwos.Policy.Entropy.sum": {
            "value": 107858.3359375,
            "min": 22053.970703125,
            "max": 149717.5625,
            "count": 1116
        },
        "SoccerTwos.Step.mean": {
            "value": 23379940.0,
            "min": 1079954.0,
            "max": 23379940.0,
            "count": 1116
        },
        "SoccerTwos.Step.sum": {
            "value": 23379940.0,
            "min": 1079954.0,
            "max": 23379940.0,
            "count": 1116
        },
        "SoccerTwos.Policy.ExtrinsicBaselineEstimate.mean": {
            "value": 14.379899024963379,
            "min": -388.4149475097656,
            "max": 31.120473861694336,
            "count": 1116
        },
        "SoccerTwos.Policy.ExtrinsicBaselineEstimate.sum": {
            "value": 4673.46728515625,
            "min": -123281.046875,
            "max": 10051.9130859375,
            "count": 1116
        },
        "SoccerTwos.Policy.ExtrinsicValueEstimate.mean": {
            "value": 14.196417808532715,
            "min": -388.59698486328125,
            "max": 29.62456512451172,
            "count": 1116
        },
        "SoccerTwos.Policy.ExtrinsicValueEstimate.sum": {
            "value": 4613.8359375,
            "min": -123469.078125,
            "max": 9568.734375,
            "count": 1116
        },
        "SoccerTwos.IsTraining.mean": {
            "value": 1.0,
            "min": 1.0,
            "max": 1.0,
            "count": 1116
        },
        "SoccerTwos.IsTraining.sum": {
            "value": 1.0,
            "min": 1.0,
            "max": 1.0,
            "count": 1116
        },
        "SoccerTwos.Environment.EpisodeLength.mean": {
            "value": 73.8,
            "min": 3.0,
            "max": 158.0,
            "count": 1113
        },
        "SoccerTwos.Environment.EpisodeLength.sum": {
            "value": 4428.0,
            "min": 36.0,
            "max": 27816.0,
            "count": 1113
        },
        "SoccerTwos.Self-play.ELO.mean": {
            "value": 1109.4958428159705,
            "min": 1016.0933186802417,
            "max": 1174.1337609240607,
            "count": 1096
        },
        "SoccerTwos.Self-play.ELO.sum": {
            "value": 26627.90022758329,
            "min": 6683.70816467213,
            "max": 195370.71720715857,
            "count": 1096
        },
        "SoccerTwos.Environment.CumulativeReward.mean": {
            "value": 0.5305833296016014,
            "min": -0.06109375395559861,
            "max": 9.45984385104977,
            "count": 1113
        },
        "SoccerTwos.Environment.CumulativeReward.sum": {
            "value": 15.917499888048042,
            "min": -1.067812448600307,
            "max": 510.83156795668765,
            "count": 1113
        },
        "SoccerTwos.Policy.ExtrinsicReward.mean": {
            "value": 2.7140999704599382,
            "min": -1.0059375762939453,
            "max": 56.77950660891279,
            "count": 1113
        },
        "SoccerTwos.Policy.ExtrinsicReward.sum": {
            "value": 81.42299911379814,
            "min": -16.287224665284157,
            "max": 3066.0933568812907,
            "count": 1113
        },
        "SoccerTwos.Environment.GroupCumulativeReward.mean": {
            "value": -0.4694000005722046,
            "min": -1.0,
            "max": 0.6218000054359436,
            "count": 1113
        },
        "SoccerTwos.Environment.GroupCumulativeReward.sum": {
            "value": -14.082000017166138,
            "min": -85.14720010757446,
            "max": 76.69920068979263,
            "count": 1113
        },
        "SoccerTwos.Losses.PolicyLoss.mean": {
            "value": 0.016005574575602723,
            "min": 0.011711096174975764,
            "max": 0.025561300315297186,
            "count": 870
        },
        "SoccerTwos.Losses.PolicyLoss.sum": {
            "value": 0.016005574575602723,
            "min": 0.011711096174975764,
            "max": 0.025561300315297186,
            "count": 870
        },
        "SoccerTwos.Losses.ValueLoss.mean": {
            "value": 16.33814639515347,
            "min": 0.023709131333117302,
            "max": 766.2033894856771,
            "count": 870
        },
        "SoccerTwos.Losses.ValueLoss.sum": {
            "value": 16.33814639515347,
            "min": 0.023709131333117302,
            "max": 766.2033894856771,
            "count": 870
        },
        "SoccerTwos.Losses.BaselineLoss.mean": {
            "value": 23.933759848276775,
            "min": 0.02948042497229882,
            "max": 3230.454746344151,
            "count": 870
        },
        "SoccerTwos.Losses.BaselineLoss.sum": {
            "value": 23.933759848276775,
            "min": 0.02948042497229882,
            "max": 3230.454746344151,
            "count": 870
        },
        "SoccerTwos.Policy.LearningRate.mean": {
            "value": 0.0003,
            "min": 0.0003,
            "max": 0.0003,
            "count": 870
        },
        "SoccerTwos.Policy.LearningRate.sum": {
            "value": 0.0003,
            "min": 0.0003,
            "max": 0.0003,
            "count": 870
        },
        "SoccerTwos.Policy.Epsilon.mean": {
            "value": 0.20000000000000004,
            "min": 0.20000000000000004,
            "max": 0.20000000000000004,
            "count": 870
        },
        "SoccerTwos.Policy.Epsilon.sum": {
            "value": 0.20000000000000004,
            "min": 0.20000000000000004,
            "max": 0.20000000000000004,
            "count": 870
        },
        "SoccerTwos.Policy.Beta.mean": {
            "value": 0.005000000000000001,
            "min": 0.005000000000000001,
            "max": 0.005000000000000001,
            "count": 870
        },
        "SoccerTwos.Policy.Beta.sum": {
            "value": 0.005000000000000001,
            "min": 0.005000000000000001,
            "max": 0.005000000000000001,
            "count": 870
        }
    },
    "metadata": {
        "timer_format_version": "0.1.0",
        "start_time_seconds": "1686007477",
        "python_version": "3.8.16 (default, Mar  2 2023, 03:18:16) [MSC v.1916 64 bit (AMD64)]",
        "command_line_arguments": "C:\\Users\\asuca\\anaconda3\\envs\\unity38\\Scripts\\mlagents-learn config\\ppo\\Soccer.yaml --resume --run-id=ObservacionesDesdeCero --no-graphics --time-scale 30",
        "mlagents_version": "0.30.0",
        "mlagents_envs_version": "0.30.0",
        "communication_protocol_version": "1.5.0",
        "pytorch_version": "1.7.1+cu110",
        "numpy_version": "1.23.5",
        "end_time_seconds": "1686056060"
    },
    "total": 48583.2974555,
    "count": 1,
    "self": 0.010214499998255633,
    "children": {
        "run_training.setup": {
            "total": 0.09117350000000002,
            "count": 1,
            "self": 0.09117350000000002
        },
        "TrainerController.start_learning": {
            "total": 48583.1960675,
            "count": 1,
            "self": 10.023095798089344,
            "children": {
                "TrainerController._reset_env": {
                    "total": 88.07312959993699,
                    "count": 2190,
                    "self": 88.07312959993699
                },
                "TrainerController.advance": {
                    "total": 48484.77529850197,
                    "count": 464869,
                    "self": 10.40841980267578,
                    "children": {
                        "env_step": {
                            "total": 21939.81253849993,
                            "count": 464869,
                            "self": 18770.021481699798,