{
    "name": "root",
    "gauges": {
        "SoccerTwos.Policy.Entropy.mean": {
            "value": 2.262831211090088,
            "min": 2.135392665863037,
            "max": 2.4423258304595947,
            "count": 302
        },
        "SoccerTwos.Policy.Entropy.sum": {
            "value": 93192.4453125,
            "min": 80930.765625,
            "max": 116677.6953125,
            "count": 302
        },
        "SoccerTwos.Environment.EpisodeLength.mean": {
            "value": 142.5,
            "min": 49.857142857142854,
            "max": 142.5,
            "count": 302
        },
        "SoccerTwos.Environment.EpisodeLength.sum": {
            "value": 17100.0,
            "min": 4056.0,
            "max": 23544.0,
            "count": 302
        },
        "SoccerTwos.Self-play.ELO.mean": {
            "value": 1107.0506611501044,
            "min": 1095.4257785061077,
            "max": 1228.398379658392,
            "count": 302
        },
        "SoccerTwos.Self-play.ELO.sum": {
            "value": 46496.12776830438,
            "min": 13263.815113049894,
            "max": 138964.58541436924,
            "count": 302
        },
        "SoccerTwos.Step.mean": {
            "value": 6039956.0,
            "min": 19989.0,
            "max": 6039956.0,
            "count": 302
        },
        "SoccerTwos.Step.sum": {
            "value": 6039956.0,
            "min": 19989.0,
            "max": 6039956.0,
            "count": 302
        },
        "SoccerTwos.Policy.ExtrinsicBaselineEstimate.mean": {
            "value": 21.244903564453125,
            "min": 4.7740478515625,
            "max": 34.674034118652344,
            "count": 302
        },
        "SoccerTwos.Policy.ExtrinsicBaselineEstimate.sum": {
            "value": 7202.0224609375,
            "min": 1604.593017578125,
            "max": 12300.15234375,
            "count": 302
        },
        "SoccerTwos.Policy.ExtrinsicValueEstimate.mean": {
            "value": 14.59449577331543,
            "min": 1.6255073547363281,
            "max": 39.945274353027344,
            "count": 302
        },
        "SoccerTwos.Policy.ExtrinsicValueEstimate.sum": {
            "value": 4947.5341796875,
            "min": 526.6643676757812,
            "max": 13905.658203125,
            "count": 302
        },
        "SoccerTwos.Environment.CumulativeReward.mean": {
            "value": 23.293900429118764,
            "min": -7.259767238582883,
            "max": 26.325857308175827,
            "count": 302
        },
        "SoccerTwos.Environment.CumulativeReward.sum": {
            "value": 1281.164523601532,
            "min": -304.9102240204811,
            "max": 2018.3964977264404,
            "count": 302
        },
        "SoccerTwos.Policy.ExtrinsicReward.mean": {
            "value": 117.01111345291137,
            "min": -44.02632099106198,
            "max": 158.06910776871223,
            "count": 302
        },
        "SoccerTwos.Policy.ExtrinsicReward.sum": {
            "value": 6435.611239910126,
            "min": -1849.1054816246033,
            "max": 12087.48788791895,
            "count": 302
        },
        "SoccerTwos.Environment.GroupCumulativeReward.mean": {
            "value": -0.48362909392877057,
            "min": -0.8401799976825715,
            "max": 0.686680006980896,
            "count": 302
        },
        "SoccerTwos.Environment.GroupCumulativeReward.sum": {
            "value": -26.599600166082382,
            "min": -55.38359999656677,
            "max": 44.646000266075134,
            "count": 302
        },
        "SoccerTwos.IsTraining.mean": {
            "value": 1.0,
            "min": 1.0,
            "max": 1.0,
            "count": 302
        },
        "SoccerTwos.IsTraining.sum": {
            "value": 1.0,
            "min": 1.0,
            "max": 1.0,
            "count": 302
        },
        "SoccerTwos.Losses.PolicyLoss.mean": {
            "value": 0.016782615159172565,
            "min": 0.012016449380331697,
            "max": 0.024811057102245588,
            "count": 232
        },
        "SoccerTwos.Losses.PolicyLoss.sum": {
            "value": 0.016782615159172565,
            "min": 0.012016449380331697,
            "max": 0.024811057102245588,
            "count": 232
        },
        "SoccerTwos.Losses.ValueLoss.mean": {
            "value": 297.46370103624133,
            "min": 208.0756424797906,
            "max": 405.3519592285156,
            "count": 232
        },
        "SoccerTwos.Losses.ValueLoss.sum": {
            "value": 297.46370103624133,
            "min": 208.0756424797906,
            "max": 405.3519592285156,
            "count": 232
        },
        "SoccerTwos.Losses.BaselineLoss.mean": {
            "value": 421.30953640407984,
            "min": 311.0898852878147,
            "max": 723.6789855957031,
            "count": 232
        },
        "SoccerTwos.Losses.BaselineLoss.sum": {
            "value": 421.30953640407984,
            "min": 311.0898852878147,
            "max": 723.6789855957031,
            "count": 232
        },
        "SoccerTwos.Policy.LearningRate.mean": {
            "value": 0.0003,
            "min": 0.0003,
            "max": 0.0003,
            "count": 232
        },
        "SoccerTwos.Policy.LearningRate.sum": {
            "value": 0.0003,
            "min": 0.0003,
            "max": 0.0003,
            "count": 232
        },
        "SoccerTwos.Policy.Epsilon.mean": {
            "value": 0.20000000000000004,
            "min": 0.20000000000000004,
            "max": 0.20000000000000004,
            "count": 232
        },
        "SoccerTwos.Policy.Epsilon.sum": {
            "value": 0.20000000000000004,
            "min": 0.20000000000000004,
            "max": 0.20000000000000004,
            "count": 232
        },
        "SoccerTwos.Policy.Beta.mean": {
            "value": 0.005000000000000001,
            "min": 0.005000000000000001,
            "max": 0.005000000000000001,
            "count": 232
        },
        "SoccerTwos.Policy.Beta.sum": {
            "value": 0.005000000000000001,
            "min": 0.005000000000000001,
            "max": 0.005000000000000001,
            "count": 232
        }
    },
    "metadata": {
        "timer_format_version": "0.1.0",
        "start_time_seconds": "1686666538",
        "python_version": "3.8.16 (default, Mar  2 2023, 03:18:16) [MSC v.1916 64 bit (AMD64)]",
        "command_line_arguments": "C:\\Users\\asuca\\anaconda3\\envs\\unity38\\Scripts\\mlagents-learn config\\ppo\\Soccer.yaml --force --run-id=KickGoal --initialize-from NearBall --no-graphics --time-scale 20",
        "mlagents_version": "0.30.0",
        "mlagents_envs_version": "0.30.0",
        "communication_protocol_version": "1.5.0",
        "pytorch_version": "1.7.1+cu110",
        "numpy_version": "1.23.5",
        "end_time_seconds": "1686680535"
    },
    "total": 13996.491753,
    "count": 1,
    "self": 0.3530222000008507,
    "children": {
        "run_training.setup": {
            "total": 0.08656590000000008,
            "count": 1,
            "self": 0.08656590000000008
        },
        "TrainerController.start_learning": {
            "total": 13996.0521649,
            "count": 1,
            "self": 2.319536000051812,
            "children": {
                "TrainerController._reset_env": {
                    "total": 42.907109999997644,
                    "count": 525,
                    "self": 42.907109999997644
                },
                "TrainerController.advance": {
                    "total": 13950.50105099995,
                    "count": 103155,
                    "self": 2.619751000253018,
                    "children": {
                        "env_step": {
                            "total": 6074.483372899873,
                            "count": 103155,
                            "self": 5268.003834099788,