{
    "name": "root",
    "gauges": {
        "SoccerTwos.Policy.Entropy.mean": {
            "value": 1.657122015953064,
            "min": 1.4953724145889282,
            "max": 1.9809879064559937,
            "count": 61
        },
        "SoccerTwos.Policy.Entropy.sum": {
            "value": 68724.1640625,
            "min": 59592.80078125,
            "max": 87460.8359375,
            "count": 61
        },
        "SoccerTwos.Environment.EpisodeLength.mean": {
            "value": 177.0,
            "min": 46.25,
            "max": 177.0,
            "count": 60
        },
        "SoccerTwos.Environment.EpisodeLength.sum": {
            "value": 6372.0,
            "min": 1056.0,
            "max": 14220.0,
            "count": 60
        },
        "SoccerTwos.Self-play.ELO.mean": {
            "value": 1177.9051603234109,
            "min": 1174.5519323202413,
            "max": 1208.628021462274,
            "count": 59
        },
        "SoccerTwos.Self-play.ELO.sum": {
            "value": 14134.86192388093,
            "min": 7047.311593921448,
            "max": 64102.07795295118,
            "count": 59
        },
        "SoccerTwos.Step.mean": {
            "value": 1219968.0,
            "min": 19952.0,
            "max": 1219968.0,
            "count": 61
        },
        "SoccerTwos.Step.sum": {
            "value": 1219968.0,
            "min": 19952.0,
            "max": 1219968.0,
            "count": 61
        },
        "SoccerTwos.Policy.ExtrinsicBaselineEstimate.mean": {
            "value": 130.3871612548828,
            "min": 51.90723419189453,
            "max": 156.6588134765625,
            "count": 61
        },
        "SoccerTwos.Policy.ExtrinsicBaselineEstimate.sum": {
            "value": 41202.34375,
            "min": 16766.037109375,
            "max": 50002.1953125,
            "count": 61
        },
        "SoccerTwos.Policy.ExtrinsicValueEstimate.mean": {
            "value": 130.5305633544922,
            "min": 59.047080993652344,
            "max": 163.85232543945312,
            "count": 61
        },
        "SoccerTwos.Policy.ExtrinsicValueEstimate.sum": {
            "value": 41247.65625,
            "min": 19072.20703125,
            "max": 52265.19921875,
            "count": 61
        },
        "SoccerTwos.Environment.CumulativeReward.mean": {
            "value": 8.286845004392994,
            "min": 1.9351250175386667,
            "max": 45.60843509435654,
            "count": 60
        },
        "SoccerTwos.Environment.CumulativeReward.sum": {
            "value": 149.1632100790739,
            "min": 43.08960062265396,
            "max": 1380.0042707324028,
            "count": 60
        },
        "SoccerTwos.Policy.ExtrinsicReward.mean": {
            "value": 48.72107068035338,
            "min": 10.610750849048296,
            "max": 272.65062120225696,
            "count": 60
        },
        "SoccerTwos.Policy.ExtrinsicReward.sum": {
            "value": 876.9792722463608,
            "min": 252.5376205444336,
            "max": 8256.546498537064,
            "count": 60
        },
        "SoccerTwos.Environment.GroupCumulativeReward.mean": {
            "value": -1.0,
            "min": -1.0,
            "max": 0.19075000286102295,
            "count": 60
        },
        "SoccerTwos.Environment.GroupCumulativeReward.sum": {
            "value": -18.0,
            "min": -49.68600010871887,
            "max": 4.578000068664551,
            "count": 60
        },
        "SoccerTwos.IsTraining.mean": {
            "value": 1.0,
            "min": 1.0,
            "max": 1.0,
            "count": 61
        },
        "SoccerTwos.IsTraining.sum": {
            "value": 1.0,
            "min": 1.0,
            "max": 1.0,
            "count": 61
        },
        "SoccerTwos.Losses.PolicyLoss.mean": {
            "value": 0.01500452483798234,
            "min": 0.013401311931374948,
            "max": 0.024397114356462326,
            "count": 46
        },
        "SoccerTwos.Losses.PolicyLoss.sum": {
            "value": 0.01500452483798234,
            "min": 0.013401311931374948,
            "max": 0.024397114356462326,
            "count": 46
        },
        "SoccerTwos.Losses.ValueLoss.mean": {
            "value": 183.71018766745541,
            "min": 92.11338297526042,
            "max": 259.8284157647027,
            "count": 46
        },
        "SoccerTwos.Losses.ValueLoss.sum": {
            "value": 183.71018766745541,
            "min": 92.11338297526042,
            "max": 259.8284157647027,
            "count": 46
        },
        "SoccerTwos.Losses.BaselineLoss.mean": {
            "value": 306.9696091871995,
            "min": 217.62063301934137,
            "max": 538.5782830654047,
            "count": 46
        },
        "SoccerTwos.Losses.BaselineLoss.sum": {
            "value": 306.9696091871995,
            "min": 217.62063301934137,
            "max": 538.5782830654047,
            "count": 46
        },
        "SoccerTwos.Policy.LearningRate.mean": {
            "value": 0.0003,
            "min": 0.0003,
            "max": 0.0003,
            "count": 46
        },
        "SoccerTwos.Policy.LearningRate.sum": {
            "value": 0.0003,
            "min": 0.0003,
            "max": 0.0003,
            "count": 46
        },
        "SoccerTwos.Policy.Epsilon.mean": {
            "value": 0.20000000000000004,
            "min": 0.20000000000000004,
            "max": 0.20000000000000004,
            "count": 46
        },
        "SoccerTwos.Policy.Epsilon.sum": {
            "value": 0.20000000000000004,
            "min": 0.20000000000000004,
            "max": 0.20000000000000004,
            "count": 46
        },
        "SoccerTwos.Policy.Beta.mean": {
            "value": 0.005000000000000001,
            "min": 0.005000000000000001,
            "max": 0.005000000000000001,
            "count": 46
        },
        "SoccerTwos.Policy.Beta.sum": {
            "value": 0.005000000000000001,
            "min": 0.005000000000000001,
            "max": 0.005000000000000001,
            "count": 46
        }
    },
    "metadata": {
        "timer_format_version": "0.1.0",
        "start_time_seconds": "1686250808",
        "python_version": "3.8.16 (default, Mar  2 2023, 03:18:16) [MSC v.1916 64 bit (AMD64)]",
        "command_line_arguments": "C:\\Users\\asuca\\anaconda3\\envs\\unity38\\Scripts\\mlagents-learn config\\ppo\\Soccer.yaml --force --run-id=Parametros --initialize-from PatearArco --no-graphics --time-scale 040",
        "mlagents_version": "0.30.0",
        "mlagents_envs_version": "0.30.0",
        "communication_protocol_version": "1.5.0",
        "pytorch_version": "1.7.1+cu110",
        "numpy_version": "1.23.5",
        "end_time_seconds": "1686253778"
    },
    "total": 2970.7784862,
    "count": 1,
    "self": 0.006360599999879923,
    "children": {
        "run_training.setup": {
            "total": 0.08463490000000018,
            "count": 1,
            "self": 0.08463490000000018
        },
        "TrainerController.start_learning": {
            "total": 2970.6874907,
            "count": 1,
            "self": 0.5493803000235857,
            "children": {
                "TrainerController._reset_env": {
                    "total": 12.120284000001503,
                    "count": 121,
                    "self": 12.120284000001503
                },
                "TrainerController.advance": {
                    "total": 2957.713719799975,
                    "count": 24406,
                    "self": 0.5726820999866504,
                    "children": {
                        "env_step": {
                            "total": 1346.6362273000123,
                            "count": 24406,
                            "self": 1150.9067771999655,