{
    "name": "root",
    "gauges": {
        "SoccerTwos.Policy.Entropy.mean": {
            "value": 3.0118043422698975,
            "min": 2.4076831340789795,
            "max": 3.132223606109619,
            "count": 817
        },
        "SoccerTwos.Policy.Entropy.sum": {
            "value": 127218.6171875,
            "min": 100119.6015625,
            "max": 154320.78125,
            "count": 817
        },
        "SoccerTwos.Environment.EpisodeLength.mean": {
            "value": 78.0,
            "min": 2.0,
            "max": 183.0,
            "count": 811
        },
        "SoccerTwos.Environment.EpisodeLength.sum": {
            "value": 936.0,
            "min": 24.0,
            "max": 22764.0,
            "count": 811
        },
        "SoccerTwos.Self-play.ELO.mean": {
            "value": 1154.521378132521,
            "min": 1139.2840245310392,
            "max": 1217.6550545051984,
            "count": 425
        },
        "SoccerTwos.Self-play.ELO.sum": {
            "value": 6927.128268795126,
            "min": 6886.030764445412,
            "max": 194082.38672521454,
            "count": 425
        },
        "SoccerTwos.Step.mean": {
            "value": 16339974.0,
            "min": 19938.0,
            "max": 16339974.0,
            "count": 817
        },
        "SoccerTwos.Step.sum": {
            "value": 16339974.0,
            "min": 19938.0,
            "max": 16339974.0,
            "count": 817
        },
        "SoccerTwos.Policy.ExtrinsicBaselineEstimate.mean": {
            "value": 91.85628509521484,
            "min": 0.049798496067523956,
            "max": 96.51184844970703,
            "count": 817
        },
        "SoccerTwos.Policy.ExtrinsicBaselineEstimate.sum": {
            "value": 29118.44140625,
            "min": 17.429473876953125,
            "max": 32898.14453125,
            "count": 817
        },
        "SoccerTwos.Policy.ExtrinsicValueEstimate.mean": {
            "value": 92.14354705810547,
            "min": -0.7171136140823364,
            "max": 96.35955810546875,
            "count": 817
        },
        "SoccerTwos.Policy.ExtrinsicValueEstimate.sum": {
            "value": 29209.50390625,
            "min": -252.4239959716797,
            "max": 32798.3515625,
            "count": 817
        },
        "SoccerTwos.Environment.CumulativeReward.mean": {
            "value": 13.259733123549571,
            "min": -5.026766964544852,
            "max": 152.69040298461914,
            "count": 812
        },
        "SoccerTwos.Environment.CumulativeReward.sum": {
            "value": 79.55839874129742,
            "min": -71.0511959537398,
            "max": 1508.7212631056318,
            "count": 812
        },
        "SoccerTwos.Policy.ExtrinsicReward.mean": {
            "value": 78.55839204788208,
            "min": -31.16060161590576,
            "max": 183.96678670247397,
            "count": 812
        },
        "SoccerTwos.Policy.ExtrinsicReward.sum": {
            "value": 471.3503522872925,
            "min": -440.7396338582039,
            "max": 9034.75290441513,
            "count": 812
        },
        "SoccerTwos.Environment.GroupCumulativeReward.mean": {
            "value": -1.0,
            "min": -1.0,
            "max": 0.7106000185012817,
            "count": 812
        },
        "SoccerTwos.Environment.GroupCumulativeReward.sum": {
            "value": -6.0,
            "min": -72.49680018424988,
            "max": 37.05359995365143,
            "count": 812
        },
        "SoccerTwos.IsTraining.mean": {
            "value": 1.0,
            "min": 1.0,
            "max": 1.0,
            "count": 817
        },
        "SoccerTwos.IsTraining.sum": {
            "value": 1.0,
            "min": 1.0,
            "max": 1.0,
            "count": 817
        },
        "SoccerTwos.Losses.PolicyLoss.mean": {
            "value": 0.017168780103020254,
            "min": 0.011303858866894088,
            "max": 0.023825737588999293,
            "count": 630
        },
        "SoccerTwos.Losses.PolicyLoss.sum": {
            "value": 0.017168780103020254,
            "min": 0.011303858866894088,
            "max": 0.023825737588999293,
            "count": 630
        },
        "SoccerTwos.Losses.ValueLoss.mean": {
            "value": 7.020066102345784,
            "min": 1.1459533251248872,
            "max": 77.99690098232693,
            "count": 630
        },
        "SoccerTwos.Losses.ValueLoss.sum": {
            "value": 7.020066102345784,
            "min": 1.1459533251248872,
            "max": 77.99690098232693,
            "count": 630
        },
        "SoccerTwos.Losses.BaselineLoss.mean": {
            "value": 11.692737128999498,
            "min": 1.3872978809552314,
            "max": 149.21934678819446,
            "count": 630
        },
        "SoccerTwos.Losses.BaselineLoss.sum": {
            "value": 11.692737128999498,
            "min": 1.3872978809552314,
            "max": 149.21934678819446,
            "count": 630
        },
        "SoccerTwos.Policy.LearningRate.mean": {
            "value": 0.0003,
            "min": 0.0003,
            "max": 0.0003,
            "count": 630
        },
        "SoccerTwos.Policy.LearningRate.sum": {
            "value": 0.0003,
            "min": 0.0003,
            "max": 0.0003,
            "count": 630
        },
        "SoccerTwos.Policy.Epsilon.mean": {
            "value": 0.20000000000000004,
            "min": 0.19999999999999996,
            "max": 0.20000000000000004,
            "count": 630
        },
        "SoccerTwos.Policy.Epsilon.sum": {
            "value": 0.20000000000000004,
            "min": 0.19999999999999996,
            "max": 0.20000000000000004,
            "count": 630
        },
        "SoccerTwos.Policy.Beta.mean": {
            "value": 0.005000000000000001,
            "min": 0.005,
            "max": 0.005000000000000001,
            "count": 630
        },
        "SoccerTwos.Policy.Beta.sum": {
            "value": 0.005000000000000001,
            "min": 0.005,
            "max": 0.005000000000000001,
            "count": 630
        }
    },
    "metadata": {
        "timer_format_version": "0.1.0",
        "start_time_seconds": "1686623202",
        "python_version": "3.8.16 (default, Mar  2 2023, 03:18:16) [MSC v.1916 64 bit (AMD64)]",
        "command_line_arguments": "C:\\Users\\asuca\\anaconda3\\envs\\unity38\\Scripts\\mlagents-learn config\\ppo\\Soccer.yaml --force --run-id=FieldRewardAndContact --initialize-from desdeCero --no-graphics --time-scale 20",
        "mlagents_version": "0.30.0",
        "mlagents_envs_version": "0.30.0",
        "communication_protocol_version": "1.5.0",
        "pytorch_version": "1.7.1+cu110",
        "numpy_version": "1.23.5",
        "end_time_seconds": "1686658161"
    },
    "total": 34958.4171963,
    "count": 1,
    "self": 0.009422999995877035,
    "children": {
        "run_training.setup": {
            "total": 0.08799749999999995,
            "count": 1,
            "self": 0.08799749999999995
        },
        "TrainerController.start_learning": {
            "total": 34958.3197758,
            "count": 1,
            "self": 5.492111898980511,
            "children": {
                "TrainerController._reset_env": {
                    "total": 89.31015860003654,
                    "count": 1351,
                    "self": 89.31015860003654
                },
                "TrainerController.advance": {
                    "total": 34863.181036200986,
                    "count": 262478,
                    "self": 6.366724000006798,
                    "children": {
                        "env_step": {
                            "total": 15703.001665999494,
                            "count": 262478,
                            "self": 13826.445373099712,