{
    "name": "root",
    "gauges": {
        "SoccerTwos.Policy.Entropy.mean": {
            "value": 1.833785891532898,
            "min": 1.690184473991394,
            "max": 2.0834076404571533,
            "count": 40
        },
        "SoccerTwos.Policy.Entropy.sum": {
            "value": 77239.0625,
            "min": 70095.328125,
            "max": 89250.8125,
            "count": 40
        },
        "SoccerTwos.Step.mean": {
            "value": 799970.0,
            "min": 19948.0,
            "max": 799970.0,
            "count": 40
        },
        "SoccerTwos.Step.sum": {
            "value": 799970.0,
            "min": 19948.0,
            "max": 799970.0,
            "count": 40
        },
        "SoccerTwos.Policy.ExtrinsicBaselineEstimate.mean": {
            "value": 63.00707244873047,
            "min": 37.19606399536133,
            "max": 78.48998260498047,
            "count": 40
        },
        "SoccerTwos.Policy.ExtrinsicBaselineEstimate.sum": {
            "value": 20288.27734375,
            "min": 11865.544921875,
            "max": 25744.71484375,
            "count": 40
        },
        "SoccerTwos.Policy.ExtrinsicValueEstimate.mean": {
            "value": 63.421875,
            "min": 37.539241790771484,
            "max": 79.76210021972656,
            "count": 40
        },
        "SoccerTwos.Policy.ExtrinsicValueEstimate.sum": {
            "value": 20421.84375,
            "min": 11975.017578125,
            "max": 25961.8828125,
            "count": 40
        },
        "SoccerTwos.Environment.EpisodeLength.mean": {
            "value": 71.66666666666667,
            "min": 50.125,
            "max": 162.5,
            "count": 40
        },
        "SoccerTwos.Environment.EpisodeLength.sum": {
            "value": 2580.0,
            "min": 1728.0,
            "max": 12156.0,
            "count": 40
        },
        "SoccerTwos.Self-play.ELO.mean": {
            "value": 1184.0036086048915,
            "min": 1178.1681037654694,
            "max": 1208.6574802523335,
            "count": 40
        },
        "SoccerTwos.Self-play.ELO.sum": {
            "value": 14208.043303258699,
            "min": 7116.354077586909,
            "max": 64141.90267391227,
            "count": 40
        },
        "SoccerTwos.Environment.CumulativeReward.mean": {
            "value": 7.015567340907485,
            "min": -1.643012628890574,
            "max": 18.51828407227165,
            "count": 40
        },
        "SoccerTwos.Environment.CumulativeReward.sum": {
            "value": 126.28021213633474,
            "min": -39.432303093373775,
            "max": 666.6582266017795,
            "count": 40
        },
        "SoccerTwos.Policy.ExtrinsicReward.mean": {
            "value": 41.093402518166435,
            "min": -9.475226268172264,
            "max": 110.10969942973719,
            "count": 40
        },
        "SoccerTwos.Policy.ExtrinsicReward.sum": {
            "value": 739.6812453269958,
            "min": -227.40543043613434,
            "max": 3963.949179470539,
            "count": 40
        },
        "SoccerTwos.Environment.GroupCumulativeReward.mean": {
            "value": -1.0,
            "min": -1.0,
            "max": 0.3828499913215637,
            "count": 40
        },
        "SoccerTwos.Environment.GroupCumulativeReward.sum": {
            "value": -18.0,
            "min": -48.0,
            "max": 12.181199669837952,
            "count": 40
        },
        "SoccerTwos.IsTraining.mean": {
            "value": 1.0,
            "min": 1.0,
            "max": 1.0,
            "count": 40
        },
        "SoccerTwos.IsTraining.sum": {
            "value": 1.0,
            "min": 1.0,
            "max": 1.0,
            "count": 40
        },
        "SoccerTwos.Losses.PolicyLoss.mean": {
            "value": 0.017556126213296212,
            "min": 0.014504764575071426,
            "max": 0.02383386538713239,
            "count": 30
        },
        "SoccerTwos.Losses.PolicyLoss.sum": {
            "value": 0.017556126213296212,
            "min": 0.014504764575071426,
            "max": 0.02383386538713239,
            "count": 30
        },
        "SoccerTwos.Losses.ValueLoss.mean": {
            "value": 94.6196214887831,
            "min": 68.41894965701633,
            "max": 121.54536247253418,
            "count": 30
        },
        "SoccerTwos.Losses.ValueLoss.sum": {
            "value": 94.6196214887831,
            "min": 68.41894965701633,
            "max": 121.54536247253418,
            "count": 30
        },
        "SoccerTwos.Losses.BaselineLoss.mean": {
            "value": 180.10072962443033,
            "min": 120.81553043463292,
            "max": 259.0222816467285,
            "count": 30
        },
        "SoccerTwos.Losses.BaselineLoss.sum": {
            "value": 180.10072962443033,
            "min": 120.81553043463292,
            "max": 259.0222816467285,
            "count": 30
        },
        "SoccerTwos.Policy.LearningRate.mean": {
            "value": 0.0003,
            "min": 0.0003,
            "max": 0.0003,
            "count": 30
        },
        "SoccerTwos.Policy.LearningRate.sum": {
            "value": 0.0003,
            "min": 0.0003,
            "max": 0.0003,
            "count": 30
        },
        "SoccerTwos.Policy.Epsilon.mean": {
            "value": 0.20000000000000004,
            "min": 0.20000000000000004,
            "max": 0.20000000000000004,
            "count": 30
        },
        "SoccerTwos.Policy.Epsilon.sum": {
            "value": 0.20000000000000004,
            "min": 0.20000000000000004,
            "max": 0.20000000000000004,
            "count": 30
        },
        "SoccerTwos.Policy.Beta.mean": {
            "value": 0.005000000000000001,
            "min": 0.005000000000000001,
            "max": 0.005000000000000001,
            "count": 30
        },
        "SoccerTwos.Policy.Beta.sum": {
            "value": 0.005000000000000001,
            "min": 0.005000000000000001,
            "max": 0.005000000000000001,
            "count": 30
        }
    },
    "metadata": {
        "timer_format_version": "0.1.0",
        "start_time_seconds": "1686229267",
        "python_version": "3.8.16 (default, Mar  2 2023, 03:18:16) [MSC v.1916 64 bit (AMD64)]",
        "command_line_arguments": "C:\\Users\\asuca\\anaconda3\\envs\\unity38\\Scripts\\mlagents-learn config\\ppo\\Soccer.yaml --force --run-id=PatearArco --initialize-from CercaBalon --no-graphics --time-scale 040",
        "mlagents_version": "0.30.0",
        "mlagents_envs_version": "0.30.0",
        "communication_protocol_version": "1.5.0",
        "pytorch_version": "1.7.1+cu110",
        "numpy_version": "1.23.5",
        "end_time_seconds": "1686232233"
    },
    "total": 2966.0579897000002,
    "count": 1,
    "self": 0.04956029999993916,
    "children": {
        "run_training.setup": {
            "total": 0.08644929999999995,
            "count": 1,
            "self": 0.08644929999999995
        },
        "TrainerController.start_learning": {
            "total": 2965.9219801000004,
            "count": 1,
            "self": 0.3547761000168066,
            "children": {
                "TrainerController._reset_env": {
                    "total": 17.04059239999973,
                    "count": 81,
                    "self": 17.04059239999973
                },
                "TrainerController.advance": {
                    "total": 2948.132712499984,
                    "count": 16205,
                    "self": 0.3663419999488724,
                    "children": {
                        "env_step": {
                            "total": 1980.634664500023,
                            "count": 16205,
                            "self": 1861.8321447999845,