{
    "name": "root",
    "gauges": {
        "SoccerTwos.Policy.Entropy.mean": {
            "value": 1.9944742918014526,
            "min": 1.7404656410217285,
            "max": 2.16369366645813,
            "count": 322
        },
        "SoccerTwos.Policy.Entropy.sum": {
            "value": 91442.65625,
            "min": 68842.578125,
            "max": 98930.921875,
            "count": 322
        },
        "SoccerTwos.Step.mean": {
            "value": 6439995.0,
            "min": 19948.0,
            "max": 6439995.0,
            "count": 322
        },
        "SoccerTwos.Step.sum": {
            "value": 6439995.0,
            "min": 19948.0,
            "max": 6439995.0,
            "count": 322
        },
        "SoccerTwos.Policy.ExtrinsicBaselineEstimate.mean": {
            "value": 435.8793640136719,
            "min": 307.3533020019531,
            "max": 647.5175170898438,
            "count": 322
        },
        "SoccerTwos.Policy.ExtrinsicBaselineEstimate.sum": {
            "value": 143404.3125,
            "min": 101426.5859375,
            "max": 204615.53125,
            "count": 322
        },
        "SoccerTwos.Policy.ExtrinsicValueEstimate.mean": {
            "value": 441.8399963378906,
            "min": 289.8731994628906,
            "max": 652.23095703125,
            "count": 322
        },
        "SoccerTwos.Policy.ExtrinsicValueEstimate.sum": {
            "value": 145365.359375,
            "min": 95658.15625,
            "max": 208061.671875,
            "count": 322
        },
        "SoccerTwos.Environment.EpisodeLength.mean": {
            "value": 153.2,
            "min": 5.0,
            "max": 229.33333333333334,
            "count": 320
        },
        "SoccerTwos.Environment.EpisodeLength.sum": {
            "value": 8426.0,
            "min": 55.0,
            "max": 16654.0,
            "count": 320
        },
        "SoccerTwos.Self-play.ELO.mean": {
            "value": 1231.4557877127063,
            "min": 1192.1393460699037,
            "max": 1246.8735760584368,
            "count": 289
        },
        "SoccerTwos.Self-play.ELO.sum": {
            "value": 7388.734726276238,
            "min": 5990.079308656831,
            "max": 48893.16263600325,
            "count": 289
        },
        "SoccerTwos.Environment.CumulativeReward.mean": {
            "value": -122.72267531603575,
            "min": -125.26178831259409,
            "max": 442.5933718283971,
            "count": 320
        },
        "SoccerTwos.Environment.CumulativeReward.sum": {
            "value": -3436.234908849001,
            "min": -3436.234908849001,
            "max": 11743.179646790028,
            "count": 320
        },
        "SoccerTwos.Policy.ExtrinsicReward.mean": {
            "value": -691.9010527070079,
            "min": -691.9010527070079,
            "max": 2655.8099212646484,
            "count": 320
        },
        "SoccerTwos.Policy.ExtrinsicReward.sum": {
            "value": -19373.229475796223,
            "min": -19373.229475796223,
            "max": 70126.67966842651,
            "count": 320
        },
        "SoccerTwos.Environment.GroupCumulativeReward.mean": {
            "value": 0.8412428498268127,
            "min": -0.5454545454545454,
            "max": 6.0,
            "count": 320
        },
        "SoccerTwos.Environment.GroupCumulativeReward.sum": {
            "value": 23.554799795150757,
            "min": -10.25,
            "max": 123.35039985179901,
            "count": 320
        },
        "SoccerTwos.IsTraining.mean": {
            "value": 1.0,
            "min": 1.0,
            "max": 1.0,
            "count": 322
        },
        "SoccerTwos.IsTraining.sum": {
            "value": 1.0,
            "min": 1.0,
            "max": 1.0,
            "count": 322
        },
        "SoccerTwos.Losses.PolicyLoss.mean": {
            "value": 0.019346973318735965,
            "min": 0.015558339444396552,
            "max": 0.024786113340774643,
            "count": 254
        },
        "SoccerTwos.Losses.PolicyLoss.sum": {
            "value": 0.019346973318735965,
            "min": 0.015558339444396552,
            "max": 0.024786113340774643,
            "count": 254
        },
        "SoccerTwos.Losses.ValueLoss.mean": {
            "value": 3759.9859246148003,
            "min": 3330.56393093533,
            "max": 7892.311509874132,
            "count": 254
        },
        "SoccerTwos.Losses.ValueLoss.sum": {
            "value": 3759.9859246148003,
            "min": 3330.56393093533,
            "max": 7892.311509874132,
            "count": 254
        },
        "SoccerTwos.Losses.BaselineLoss.mean": {
            "value": 10020.270534939236,
            "min": 5227.764390733507,
            "max": 19605.366265190973,
            "count": 254
        },
        "SoccerTwos.Losses.BaselineLoss.sum": {
            "value": 10020.270534939236,
            "min": 5227.764390733507,
            "max": 19605.366265190973,
            "count": 254
        },
        "SoccerTwos.Policy.LearningRate.mean": {
            "value": 0.0003,
            "min": 0.0003,
            "max": 0.0003,
            "count": 254
        },
        "SoccerTwos.Policy.LearningRate.sum": {
            "value": 0.0003,
            "min": 0.0003,
            "max": 0.0003,
            "count": 254
        },
        "SoccerTwos.Policy.Epsilon.mean": {
            "value": 0.20000000000000004,
            "min": 0.20000000000000004,
            "max": 0.20000000000000004,
            "count": 254
        },
        "SoccerTwos.Policy.Epsilon.sum": {
            "value": 0.20000000000000004,
            "min": 0.20000000000000004,
            "max": 0.20000000000000004,
            "count": 254
        },
        "SoccerTwos.Policy.Beta.mean": {
            "value": 0.005000000000000001,
            "min": 0.005000000000000001,
            "max": 0.005000000000000001,
            "count": 254
        },
        "SoccerTwos.Policy.Beta.sum": {
            "value": 0.005000000000000001,
            "min": 0.005000000000000001,
            "max": 0.005000000000000001,
            "count": 254
        }
    },
    "metadata": {
        "timer_format_version": "0.1.0",
        "start_time_seconds": "1685854195",
        "python_version": "3.8.16 (default, Mar  2 2023, 03:18:16) [MSC v.1916 64 bit (AMD64)]",
        "command_line_arguments": "C:\\Users\\asuca\\anaconda3\\envs\\unity38\\Scripts\\mlagents-learn config\\ppo\\Soccer.yaml --force --run-id=Last --initialize-from TocarPelota",
        "mlagents_version": "0.30.0",
        "mlagents_envs_version": "0.30.0",
        "communication_protocol_version": "1.5.0",
        "pytorch_version": "1.7.1+cu110",
        "numpy_version": "1.23.5",
        "end_time_seconds": "1685869375"
    },
    "total": 15179.8959467,
    "count": 1,
    "self": 0.0070120000000315486,
    "children": {
        "run_training.setup": {
            "total": 0.11096070000000013,
            "count": 1,
            "self": 0.11096070000000013
        },
        "TrainerController.start_learning": {
            "total": 15179.777974,
            "count": 1,
            "self": 3.2863542999275523,
            "children": {
                "TrainerController._reset_env": {
                    "total": 37.755370400008076,
                    "count": 593,
                    "self": 37.755370400008076
                },
                "TrainerController.advance": {
                    "total": 15138.395500200066,
                    "count": 156012,
                    "self": 3.31786119991375,
                    "children": {
                        "env_step": {
                            "total": 8391.213813899907,
                            "count": 156012,
                            "self": 7313.314759999552,