{
    "name": "root",
    "gauges": {
        "SoccerTwos.Policy.Entropy.mean": {
            "value": 2.234217882156372,
            "min": 2.214700698852539,
            "max": 2.3694939613342285,
            "count": 17
        },
        "SoccerTwos.Policy.Entropy.sum": {
            "value": 96196.484375,
            "min": 92585.0390625,
            "max": 103935.734375,
            "count": 17
        },
        "SoccerTwos.Environment.EpisodeLength.mean": {
            "value": 135.45454545454547,
            "min": 108.54545454545455,
            "max": 153.125,
            "count": 17
        },
        "SoccerTwos.Environment.EpisodeLength.sum": {
            "value": 17880.0,
            "min": 6552.0,
            "max": 21408.0,
            "count": 17
        },
        "SoccerTwos.Self-play.ELO.mean": {
            "value": 1197.9898586145457,
            "min": 1196.2822654842016,
            "max": 1207.6627023757355,
            "count": 17
        },
        "SoccerTwos.Self-play.ELO.sum": {
            "value": 71879.39151687274,
            "min": 28779.64116406033,
            "max": 94197.69078530736,
            "count": 17
        },
        "SoccerTwos.Step.mean": {
            "value": 339952.0,
            "min": 19954.0,
            "max": 339952.0,
            "count": 17
        },
        "SoccerTwos.Step.sum": {
            "value": 339952.0,
            "min": 19954.0,
            "max": 339952.0,
            "count": 17
        },
        "SoccerTwos.Policy.ExtrinsicBaselineEstimate.mean": {
            "value": 73.2660140991211,
            "min": 58.71391296386719,
            "max": 89.28028869628906,
            "count": 17
        },
        "SoccerTwos.Policy.ExtrinsicBaselineEstimate.sum": {
            "value": 24910.4453125,
            "min": 20491.15625,
            "max": 31605.22265625,
            "count": 17
        },
        "SoccerTwos.Policy.ExtrinsicValueEstimate.mean": {
            "value": 76.52949523925781,
            "min": 56.425689697265625,
            "max": 90.681396484375,
            "count": 17
        },
        "SoccerTwos.Policy.ExtrinsicValueEstimate.sum": {
            "value": 26020.02734375,
            "min": 19354.01171875,
            "max": 32101.21484375,
            "count": 17
        },
        "SoccerTwos.Environment.CumulativeReward.mean": {
            "value": 28.519361074223664,
            "min": 13.116975274823961,
            "max": 45.98170057038466,
            "count": 17
        },
        "SoccerTwos.Environment.CumulativeReward.sum": {
            "value": 1882.2778308987617,
            "min": 496.7506138086319,
            "max": 2900.2290643006563,
            "count": 17
        },
        "SoccerTwos.Policy.ExtrinsicReward.mean": {
            "value": 170.87683142586187,
            "min": 84.07079464670211,
            "max": 275.1927157918612,
            "count": 17
        },
        "SoccerTwos.Policy.ExtrinsicReward.sum": {
            "value": 11277.870874106884,
            "min": 2975.9626426696777,
            "max": 17386.429004907608,
            "count": 17
        },
        "SoccerTwos.Environment.GroupCumulativeReward.mean": {
            "value": -0.23932726816697555,
            "min": -0.6974800005555153,
            "max": 0.2884894758462906,
            "count": 17
        },
        "SoccerTwos.Environment.GroupCumulativeReward.sum": {
            "value": -15.795599699020386,
            "min": -41.84880003333092,
            "max": 21.925200164318085,
            "count": 17
        },
        "SoccerTwos.IsTraining.mean": {
            "value": 1.0,
            "min": 1.0,
            "max": 1.0,
            "count": 17
        },
        "SoccerTwos.IsTraining.sum": {
            "value": 1.0,
            "min": 1.0,
            "max": 1.0,
            "count": 17
        },
        "SoccerTwos.Losses.PolicyLoss.mean": {
            "value": 0.01836750828402324,
            "min": 0.01753602702390506,
            "max": 0.023285610200319853,
            "count": 13
        },
        "SoccerTwos.Losses.PolicyLoss.sum": {
            "value": 0.01836750828402324,
            "min": 0.01753602702390506,
            "max": 0.023285610200319853,
            "count": 13
        },
        "SoccerTwos.Losses.ValueLoss.mean": {
            "value": 672.5751469930013,
            "min": 546.0138541327583,
            "max": 785.1720343695747,
            "count": 13
        },
        "SoccerTwos.Losses.ValueLoss.sum": {
            "value": 672.5751469930013,
            "min": 546.0138541327583,
            "max": 785.1720343695747,
            "count": 13
        },
        "SoccerTwos.Losses.BaselineLoss.mean": {
            "value": 1131.1551208496094,
            "min": 767.2189161512587,
            "max": 1131.1551208496094,
            "count": 13
        },
        "SoccerTwos.Losses.BaselineLoss.sum": {
            "value": 1131.1551208496094,
            "min": 767.2189161512587,
            "max": 1131.1551208496094,
            "count": 13
        },
        "SoccerTwos.Policy.LearningRate.mean": {
            "value": 0.0003,
            "min": 0.0003,
            "max": 0.0003,
            "count": 13
        },
        "SoccerTwos.Policy.LearningRate.sum": {
            "value": 0.0003,
            "min": 0.0003,
            "max": 0.0003,
            "count": 13
        },
        "SoccerTwos.Policy.Epsilon.mean": {
            "value": 0.20000000000000004,
            "min": 0.20000000000000004,
            "max": 0.20000000000000004,
            "count": 13
        },
        "SoccerTwos.Policy.Epsilon.sum": {
            "value": 0.20000000000000004,
            "min": 0.20000000000000004,
            "max": 0.20000000000000004,
            "count": 13
        },
        "SoccerTwos.Policy.Beta.mean": {
            "value": 0.005000000000000001,
            "min": 0.005000000000000001,
            "max": 0.005000000000000001,
            "count": 13
        },
        "SoccerTwos.Policy.Beta.sum": {
            "value": 0.005000000000000001,
            "min": 0.005000000000000001,
            "max": 0.005000000000000001,
            "count": 13
        }
    },
    "metadata": {
        "timer_format_version": "0.1.0",
        "start_time_seconds": "1686708478",
        "python_version": "3.8.16 (default, Mar  2 2023, 03:18:16) [MSC v.1916 64 bit (AMD64)]",
        "command_line_arguments": "C:\\Users\\asuca\\anaconda3\\envs\\unity38\\Scripts\\mlagents-learn config\\ppo\\Soccer.yaml --force --run-id=DefendersBall --initialize-from Goalies --no-graphics --time-scale 20",
        "mlagents_version": "0.30.0",
        "mlagents_envs_version": "0.30.0",
        "communication_protocol_version": "1.5.0",
        "pytorch_version": "1.7.1+cu110",
        "numpy_version": "1.23.5",
        "end_time_seconds": "1686709968"
    },
    "total": 1490.2649059,
    "count": 1,
    "self": 0.009809999999788488,
    "children": {
        "run_training.setup": {
            "total": 0.11543980000000009,
            "count": 1,
            "self": 0.11543980000000009
        },
        "TrainerController.start_learning": {
            "total": 1490.1396561000001,
            "count": 1,
            "self": 0.24961580000353933,
            "children": {
                "TrainerController._reset_env": {
                    "total": 53.87619660000006,
                    "count": 34,
                    "self": 53.87619660000006
                },
                "TrainerController.advance": {
                    "total": 1435.5154289999969,
                    "count": 10861,
                    "self": 0.29167020000886623,
                    "children": {
                        "env_step": {
                            "total": 484.2103340999928,
                            "count": 10861,
                            "self": 356.1974018999856,