{
    "name": "root",
    "gauges": {
        "SoccerTwos.Policy.Entropy.mean": {
            "value": 2.406543254852295,
            "min": 1.8037068843841553,
            "max": 2.617358922958374,
            "count": 300
        },
        "SoccerTwos.Policy.Entropy.sum": {
            "value": 103500.609375,
            "min": 81024.2265625,
            "max": 125477.1484375,
            "count": 300
        },
        "SoccerTwos.Environment.EpisodeLength.mean": {
            "value": 113.5,
            "min": 53.36363636363637,
            "max": 210.0,
            "count": 300
        },
        "SoccerTwos.Environment.EpisodeLength.sum": {
            "value": 8172.0,
            "min": 2148.0,
            "max": 28284.0,
            "count": 300
        },
        "SoccerTwos.Self-play.ELO.mean": {
            "value": 528.315014069335,
            "min": 528.315014069335,
            "max": 1200.7582455829129,
            "count": 300
        },
        "SoccerTwos.Self-play.ELO.sum": {
            "value": 19019.34050649606,
            "min": 7433.746060580539,
            "max": 153176.52282640414,
            "count": 300
        },
        "SoccerTwos.Step.mean": {
            "value": 5999938.0,
            "min": 19940.0,
            "max": 5999938.0,
            "count": 300
        },
        "SoccerTwos.Step.sum": {
            "value": 5999938.0,
            "min": 19940.0,
            "max": 5999938.0,
            "count": 300
        },
        "SoccerTwos.Policy.ExtrinsicBaselineEstimate.mean": {
            "value": -245.78750610351562,
            "min": -366.49005126953125,
            "max": -98.30197143554688,
            "count": 300
        },
        "SoccerTwos.Policy.ExtrinsicBaselineEstimate.sum": {
            "value": -81601.453125,
            "min": -129230.1796875,
            "max": -35880.21875,
            "count": 300
        },
        "SoccerTwos.Policy.ExtrinsicValueEstimate.mean": {
            "value": -246.54904174804688,
            "min": -402.3824157714844,
            "max": -101.69509887695312,
            "count": 300
        },
        "SoccerTwos.Policy.ExtrinsicValueEstimate.sum": {
            "value": -81854.28125,
            "min": -140833.84375,
            "max": -37118.7109375,
            "count": 300
        },
        "SoccerTwos.Environment.CumulativeReward.mean": {
            "value": -44.83784624437491,
            "min": -278.61529246966046,
            "max": -11.645227052130789,
            "count": 300
        },
        "SoccerTwos.Environment.CumulativeReward.sum": {
            "value": -1614.1624647974968,
            "min": -15622.079854354262,
            "max": -559.7654750347137,
            "count": 300
        },
        "SoccerTwos.Policy.ExtrinsicReward.mean": {
            "value": -268.87239138616457,
            "min": -1667.8763715955947,
            "max": -85.7079858689938,
            "count": 300
        },
        "SoccerTwos.Policy.ExtrinsicReward.sum": {
            "value": -9679.406089901924,
            "min": -93438.39168930054,
            "max": -3316.5932483673096,
            "count": 300
        },
        "SoccerTwos.Environment.GroupCumulativeReward.mean": {
            "value": 0.1547000010808309,
            "min": -0.6,
            "max": 4.075690908865496,
            "count": 300
        },
        "SoccerTwos.Environment.GroupCumulativeReward.sum": {
            "value": 5.569200038909912,
            "min": -18.799200028181076,
            "max": 360.83279997110367,
            "count": 300
        },
        "SoccerTwos.IsTraining.mean": {
            "value": 1.0,
            "min": 1.0,
            "max": 1.0,
            "count": 300
        },
        "SoccerTwos.IsTraining.sum": {
            "value": 1.0,
            "min": 1.0,
            "max": 1.0,
            "count": 300
        },
        "SoccerTwos.Losses.PolicyLoss.mean": {
            "value": 0.0195686204404208,
            "min": 0.013148871454783754,
            "max": 0.023566657882636517,
            "count": 237
        },
        "SoccerTwos.Losses.PolicyLoss.sum": {
            "value": 0.0195686204404208,
            "min": 0.013148871454783754,
            "max": 0.023566657882636517,
            "count": 237
        },
        "SoccerTwos.Losses.ValueLoss.mean": {
            "value": 4236.782063802083,
            "min": 1305.1164415147568,
            "max": 11964.524007161459,
            "count": 237
        },
        "SoccerTwos.Losses.ValueLoss.sum": {
            "value": 4236.782063802083,
            "min": 1305.1164415147568,
            "max": 11964.524007161459,
            "count": 237
        },
        "SoccerTwos.Losses.BaselineLoss.mean": {
            "value": 7860.840847439236,
            "min": 1670.592532687717,
            "max": 41504.311197916664,
            "count": 237
        },
        "SoccerTwos.Losses.BaselineLoss.sum": {
            "value": 7860.840847439236,
            "min": 1670.592532687717,
            "max": 41504.311197916664,
            "count": 237
        },
        "SoccerTwos.Policy.LearningRate.mean": {
            "value": 0.0003,
            "min": 0.0003,
            "max": 0.0003,
            "count": 237
        },
        "SoccerTwos.Policy.LearningRate.sum": {
            "value": 0.0003,
            "min": 0.0003,
            "max": 0.0003,
            "count": 237
        },
        "SoccerTwos.Policy.Epsilon.mean": {
            "value": 0.20000000000000004,
            "min": 0.20000000000000004,
            "max": 0.20000000000000004,
            "count": 237
        },
        "SoccerTwos.Policy.Epsilon.sum": {
            "value": 0.20000000000000004,
            "min": 0.20000000000000004,
            "max": 0.20000000000000004,
            "count": 237
        },
        "SoccerTwos.Policy.Beta.mean": {
            "value": 0.005000000000000001,
            "min": 0.005000000000000001,
            "max": 0.005000000000000001,
            "count": 237
        },
        "SoccerTwos.Policy.Beta.sum": {
            "value": 0.005000000000000001,
            "min": 0.005000000000000001,
            "max": 0.005000000000000001,
            "count": 237
        }
    },
    "metadata": {
        "timer_format_version": "0.1.0",
        "start_time_seconds": "1685366362",
        "python_version": "3.8.16 (default, Mar  2 2023, 03:18:16) [MSC v.1916 64 bit (AMD64)]",
        "command_line_arguments": "C:\\Users\\asuca\\anaconda3\\envs\\unity38\\Scripts\\mlagents-learn config\\ppo\\Soccer.yaml --force --run-id=TrabajoPases --initialize-from recompensasPase",
        "mlagents_version": "0.30.0",
        "mlagents_envs_version": "0.30.0",
        "communication_protocol_version": "1.5.0",
        "pytorch_version": "1.7.1+cu110",
        "numpy_version": "1.23.5",
        "end_time_seconds": "1685384075"
    },
    "total": 17713.0366411,
    "count": 1,
    "self": 0.008555899996281369,
    "children": {
        "run_training.setup": {
            "total": 0.09558200000000006,
            "count": 1,
            "self": 0.09558200000000006
        },
        "TrainerController.start_learning": {
            "total": 17712.9325032,
            "count": 1,
            "self": 3.2661709001513373,
            "children": {
                "TrainerController._reset_env": {
                    "total": 43.729164000000544,
                    "count": 560,
                    "self": 43.729164000000544
                },
                "TrainerController.advance": {
                    "total": 17665.597513599845,
                    "count": 142001,
                    "self": 3.4189785000198754,
                    "children": {
                        "env_step": {
                            "total": 8050.722582900186,
                            "count": 142001,
                            "self": 6815.169092900464,