{
    "name": "root",
    "gauges": {
        "SoccerTwos.Policy.Entropy.mean": {
            "value": 2.1645898818969727,
            "min": 2.0760324001312256,
            "max": 2.355595350265503,
            "count": 135
        },
        "SoccerTwos.Policy.Entropy.sum": {
            "value": 89769.8671875,
            "min": 81405.734375,
            "max": 112192.296875,
            "count": 135
        },
        "SoccerTwos.Environment.EpisodeLength.mean": {
            "value": 101.57142857142857,
            "min": 49.30769230769231,
            "max": 146.5,
            "count": 135
        },
        "SoccerTwos.Environment.EpisodeLength.sum": {
            "value": 8532.0,
            "min": 3324.0,
            "max": 20688.0,
            "count": 135
        },
        "SoccerTwos.Self-play.ELO.mean": {
            "value": 1072.6663946056392,
            "min": 1072.6663946056392,
            "max": 1200.762133813802,
            "count": 135
        },
        "SoccerTwos.Self-play.ELO.sum": {
            "value": 45051.98857343684,
            "min": 13792.452630988828,
            "max": 112445.43159372624,
            "count": 135
        },
        "SoccerTwos.Step.mean": {
            "value": 2699994.0,
            "min": 19988.0,
            "max": 2699994.0,
            "count": 135
        },
        "SoccerTwos.Step.sum": {
            "value": 2699994.0,
            "min": 19988.0,
            "max": 2699994.0,
            "count": 135
        },
        "SoccerTwos.Policy.ExtrinsicBaselineEstimate.mean": {
            "value": 16.89029312133789,
            "min": 12.033578872680664,
            "max": 32.025108337402344,
            "count": 135
        },
        "SoccerTwos.Policy.ExtrinsicBaselineEstimate.sum": {
            "value": 5675.138671875,
            "min": 4223.7861328125,
            "max": 11400.9384765625,
            "count": 135
        },
        "SoccerTwos.Policy.ExtrinsicValueEstimate.mean": {
            "value": 16.843034744262695,
            "min": 8.68411636352539,
            "max": 33.70956039428711,
            "count": 135
        },
        "SoccerTwos.Policy.ExtrinsicValueEstimate.sum": {
            "value": 5659.259765625,
            "min": 3048.125,
            "max": 12000.603515625,
            "count": 135
        },
        "SoccerTwos.Environment.CumulativeReward.mean": {
            "value": 9.113847448002725,
            "min": -5.066333081573248,
            "max": 27.522371568406623,
            "count": 135
        },
        "SoccerTwos.Environment.CumulativeReward.sum": {
            "value": 382.7815928161144,
            "min": -243.1839879155159,
            "max": 1719.517091140151,
            "count": 135
        },
        "SoccerTwos.Policy.ExtrinsicReward.mean": {
            "value": 54.17898979641142,
            "min": -30.549304515123367,
            "max": 165.36811698873836,
            "count": 135
        },
        "SoccerTwos.Policy.ExtrinsicReward.sum": {
            "value": 2275.51757144928,
            "min": -1466.3666167259216,
            "max": 10286.502545833588,
            "count": 135
        },
        "SoccerTwos.Environment.GroupCumulativeReward.mean": {
            "value": -0.5040857110704694,
            "min": -0.8237200021743775,
            "max": 0.4343999981880188,
            "count": 135
        },
        "SoccerTwos.Environment.GroupCumulativeReward.sum": {
            "value": -21.171599864959717,
            "min": -53.81760013103485,
            "max": 19.042800217866898,
            "count": 135
        },
        "SoccerTwos.IsTraining.mean": {
            "value": 1.0,
            "min": 1.0,
            "max": 1.0,
            "count": 135
        },
        "SoccerTwos.IsTraining.sum": {
            "value": 1.0,
            "min": 1.0,
            "max": 1.0,
            "count": 135
        },
        "SoccerTwos.Losses.PolicyLoss.mean": {
            "value": 0.01593179723026995,
            "min": 0.01360262472816329,
            "max": 0.02358769441262767,
            "count": 105
        },
        "SoccerTwos.Losses.PolicyLoss.sum": {
            "value": 0.01593179723026995,
            "min": 0.01360262472816329,
            "max": 0.02358769441262767,
            "count": 105
        },
        "SoccerTwos.Losses.ValueLoss.mean": {
            "value": 389.4900168394431,
            "min": 209.83136706882053,
            "max": 458.72989230685766,
            "count": 105
        },
        "SoccerTwos.Losses.ValueLoss.sum": {
            "value": 389.4900168394431,
            "min": 209.83136706882053,
            "max": 458.72989230685766,
            "count": 105
        },
        "SoccerTwos.Losses.BaselineLoss.mean": {
            "value": 528.7460194123097,
            "min": 318.0550803160056,
            "max": 653.2842559814453,
            "count": 105
        },
        "SoccerTwos.Losses.BaselineLoss.sum": {
            "value": 528.7460194123097,
            "min": 318.0550803160056,
            "max": 653.2842559814453,
            "count": 105
        },
        "SoccerTwos.Policy.LearningRate.mean": {
            "value": 0.0003,
            "min": 0.0003,
            "max": 0.0003,
            "count": 105
        },
        "SoccerTwos.Policy.LearningRate.sum": {
            "value": 0.0003,
            "min": 0.0003,
            "max": 0.0003,
            "count": 105
        },
        "SoccerTwos.Policy.Epsilon.mean": {
            "value": 0.20000000000000004,
            "min": 0.20000000000000004,
            "max": 0.20000000000000004,
            "count": 105
        },
        "SoccerTwos.Policy.Epsilon.sum": {
            "value": 0.20000000000000004,
            "min": 0.20000000000000004,
            "max": 0.20000000000000004,
            "count": 105
        },
        "SoccerTwos.Policy.Beta.mean": {
            "value": 0.005000000000000001,
            "min": 0.005000000000000001,
            "max": 0.005000000000000001,
            "count": 105
        },
        "SoccerTwos.Policy.Beta.sum": {
            "value": 0.005000000000000001,
            "min": 0.005000000000000001,
            "max": 0.005000000000000001,
            "count": 105
        }
    },
    "metadata": {
        "timer_format_version": "0.1.0",
        "start_time_seconds": "1686684263",
        "python_version": "3.8.16 (default, Mar  2 2023, 03:18:16) [MSC v.1916 64 bit (AMD64)]",
        "command_line_arguments": "C:\\Users\\asuca\\anaconda3\\envs\\unity38\\Scripts\\mlagents-learn config\\ppo\\Soccer.yaml --force --run-id=Defenders --initialize-from KickGoal --no-graphics --time-scale 20",
        "mlagents_version": "0.30.0",
        "mlagents_envs_version": "0.30.0",
        "communication_protocol_version": "1.5.0",
        "pytorch_version": "1.7.1+cu110",
        "numpy_version": "1.23.5",
        "end_time_seconds": "1686694885"
    },
    "total": 10622.923002200001,
    "count": 1,
    "self": 0.0076277000007394236,
    "children": {
        "run_training.setup": {
            "total": 0.1433591999999999,
            "count": 1,
            "self": 0.1433591999999999
        },
        "TrainerController.start_learning": {
            "total": 10622.772015300001,
            "count": 1,
            "self": 1.28489480000826,
            "children": {
                "TrainerController._reset_env": {
                    "total": 56.509804500001664,
                    "count": 267,
                    "self": 56.509804500001664
                },
                "TrainerController.advance": {
                    "total": 10564.668660799993,
                    "count": 55915,
                    "self": 1.3595187999781047,
                    "children": {
                        "env_step": {
                            "total": 2831.151706599895,
                            "count": 55915,
                            "self": 2401.5540193001816,