{
    "name": "root",
    "gauges": {
        "SoccerTwos.Policy.Entropy.mean": {
            "value": 2.3715059757232666,
            "min": 2.2329699993133545,
            "max": 3.0237693786621094,
            "count": 177
        },
        "SoccerTwos.Policy.Entropy.sum": {
            "value": 100172.4140625,
            "min": 79803.3828125,
            "max": 140562.28125,
            "count": 177
        },
        "SoccerTwos.Step.mean": {
            "value": 3539984.0,
            "min": 19968.0,
            "max": 3539984.0,
            "count": 177
        },
        "SoccerTwos.Step.sum": {
            "value": 3539984.0,
            "min": 19968.0,
            "max": 3539984.0,
            "count": 177
        },
        "SoccerTwos.Policy.ExtrinsicBaselineEstimate.mean": {
            "value": 17.998470306396484,
            "min": -38.021034240722656,
            "max": 93.08659362792969,
            "count": 177
        },
        "SoccerTwos.Policy.ExtrinsicBaselineEstimate.sum": {
            "value": 6083.48291015625,
            "min": -12280.7939453125,
            "max": 29043.017578125,
            "count": 177
        },
        "SoccerTwos.Policy.ExtrinsicValueEstimate.mean": {
            "value": 19.674135208129883,
            "min": -46.35210037231445,
            "max": 93.31800842285156,
            "count": 177
        },
        "SoccerTwos.Policy.ExtrinsicValueEstimate.sum": {
            "value": 6649.85791015625,
            "min": -15110.7841796875,
            "max": 29115.21875,
            "count": 177
        },
        "SoccerTwos.IsTraining.mean": {
            "value": 1.0,
            "min": 1.0,
            "max": 1.0,
            "count": 177
        },
        "SoccerTwos.IsTraining.sum": {
            "value": 1.0,
            "min": 1.0,
            "max": 1.0,
            "count": 177
        },
        "SoccerTwos.Losses.PolicyLoss.mean": {
            "value": 0.016510043030494772,
            "min": 0.013617869769708099,
            "max": 0.022008406746560166,
            "count": 135
        },
        "SoccerTwos.Losses.PolicyLoss.sum": {
            "value": 0.016510043030494772,
            "min": 0.013617869769708099,
            "max": 0.022008406746560166,
            "count": 135
        },
        "SoccerTwos.Losses.ValueLoss.mean": {
            "value": 242.54059346516928,
            "min": 53.313140127393936,
            "max": 319.7959870232476,
            "count": 135
        },
        "SoccerTwos.Losses.ValueLoss.sum": {
            "value": 242.54059346516928,
            "min": 53.313140127393936,
            "max": 319.7959870232476,
            "count": 135
        },
        "SoccerTwos.Losses.BaselineLoss.mean": {
            "value": 359.24749840630426,
            "min": 231.62669685559396,
            "max": 1050.6092427571614,
            "count": 135
        },
        "SoccerTwos.Losses.BaselineLoss.sum": {
            "value": 359.24749840630426,
            "min": 231.62669685559396,
            "max": 1050.6092427571614,
            "count": 135
        },
        "SoccerTwos.Policy.LearningRate.mean": {
            "value": 0.0003,
            "min": 0.0003,
            "max": 0.0003,
            "count": 135
        },
        "SoccerTwos.Policy.LearningRate.sum": {
            "value": 0.0003,
            "min": 0.0003,
            "max": 0.0003,
            "count": 135
        },
        "SoccerTwos.Policy.Epsilon.mean": {
            "value": 0.20000000000000004,
            "min": 0.20000000000000004,
            "max": 0.20000000000000004,
            "count": 135
        },
        "SoccerTwos.Policy.Epsilon.sum": {
            "value": 0.20000000000000004,
            "min": 0.20000000000000004,
            "max": 0.20000000000000004,
            "count": 135
        },
        "SoccerTwos.Policy.Beta.mean": {
            "value": 0.005000000000000001,
            "min": 0.005000000000000001,
            "max": 0.005000000000000001,
            "count": 135
        },
        "SoccerTwos.Policy.Beta.sum": {
            "value": 0.005000000000000001,
            "min": 0.005000000000000001,
            "max": 0.005000000000000001,
            "count": 135
        },
        "SoccerTwos.Environment.EpisodeLength.mean": {
            "value": 93.625,
            "min": 12.25,
            "max": 166.0,
            "count": 171
        },
        "SoccerTwos.Environment.EpisodeLength.sum": {
            "value": 8988.0,
            "min": 252.0,
            "max": 22344.0,
            "count": 171
        },
        "SoccerTwos.Environment.CumulativeReward.mean": {
            "value": 5.00324962924545,
            "min": -24.636496675014495,
            "max": 16.269530462367193,
            "count": 171
        },
        "SoccerTwos.Environment.CumulativeReward.sum": {
            "value": 240.1559822037816,
            "min": -1478.1898005008698,
            "max": 1024.9804191291332,
            "count": 171
        },
        "SoccerTwos.Policy.ExtrinsicReward.mean": {
            "value": 29.72466830412547,
            "min": -148.81901931762695,
            "max": 87.97565169561477,
            "count": 171
        },
        "SoccerTwos.Policy.ExtrinsicReward.sum": {
            "value": 1426.7840785980225,
            "min": -8929.141159057617,
            "max": 5717.156727552414,
            "count": 171
        },
        "SoccerTwos.Environment.GroupCumulativeReward.mean": {
            "value": -0.2948249951004982,
            "min": -1.0,
            "max": 0.6717000007629395,
            "count": 171
        },
        "SoccerTwos.Environment.GroupCumulativeReward.sum": {
            "value": -14.151599764823914,
            "min": -66.0,
            "max": 30.319199860095978,
            "count": 171
        },
        "SoccerTwos.Self-play.ELO.mean": {
            "value": 1216.5785627579246,
            "min": 1163.8750883327116,
            "max": 1221.0741192886126,
            "count": 163
        },
        "SoccerTwos.Self-play.ELO.sum": {
            "value": 51096.29963583283,
            "min": 7192.102217968348,
            "max": 136294.64697214868,
            "count": 163
        }
    },
    "metadata": {
        "timer_format_version": "0.1.0",
        "start_time_seconds": "1686658404",
        "python_version": "3.8.16 (default, Mar  2 2023, 03:18:16) [MSC v.1916 64 bit (AMD64)]",
        "command_line_arguments": "C:\\Users\\asuca\\anaconda3\\envs\\unity38\\Scripts\\mlagents-learn config\\ppo\\Soccer.yaml --force --run-id=NearBall --initialize-from FieldRewardAndContact --no-graphics --time-scale 20",
        "mlagents_version": "0.30.0",
        "mlagents_envs_version": "0.30.0",
        "communication_protocol_version": "1.5.0",
        "pytorch_version": "1.7.1+cu110",
        "numpy_version": "1.23.5",
        "end_time_seconds": "1686666374"
    },
    "total": 7970.6266176,
    "count": 1,
    "self": 0.007150500000534521,
    "children": {
        "run_training.setup": {
            "total": 0.11240310000000009,
            "count": 1,
            "self": 0.11240310000000009
        },
        "TrainerController.start_learning": {
            "total": 7970.507063999999,
            "count": 1,
            "self": 1.3065294000534777,
            "children": {
                "TrainerController._reset_env": {
                    "total": 50.65723530000156,
                    "count": 300,
                    "self": 50.65723530000156
                },
                "TrainerController.advance": {
                    "total": 7918.247868699944,
                    "count": 58355,
                    "self": 1.4915514997828723,
                    "children": {
                        "env_step": {
                            "total": 3486.0139167000907,
                            "count": 58355,
                            "self": 3041.2331958002137,