{
    "name": "root",
    "gauges": {
        "SoccerTwos.Policy.Entropy.mean": {
            "value": 3.2957587242126465,
            "min": 3.29575777053833,
            "max": 3.2957613468170166,
            "count": 51
        },
        "SoccerTwos.Policy.Entropy.sum": {
            "value": 125835.359375,
            "min": 115720.6796875,
            "max": 150524.0,
            "count": 51
        },
        "SoccerTwos.Step.mean": {
            "value": 1019946.0,
            "min": 19992.0,
            "max": 1019946.0,
            "count": 51
        },
        "SoccerTwos.Step.sum": {
            "value": 1019946.0,
            "min": 19992.0,
            "max": 1019946.0,
            "count": 51
        },
        "SoccerTwos.Policy.ExtrinsicBaselineEstimate.mean": {
            "value": 0.0690491646528244,
            "min": 0.047366756945848465,
            "max": 0.07105864584445953,
            "count": 51
        },
        "SoccerTwos.Policy.ExtrinsicBaselineEstimate.sum": {
            "value": 22.095733642578125,
            "min": 15.062896728515625,
            "max": 23.16104507446289,
            "count": 51
        },
        "SoccerTwos.Policy.ExtrinsicValueEstimate.mean": {
            "value": 0.06911597400903702,
            "min": 0.047424089163541794,
            "max": 0.071125827729702,
            "count": 51
        },
        "SoccerTwos.Policy.ExtrinsicValueEstimate.sum": {
            "value": 22.117111206054688,
            "min": 15.082215309143066,
            "max": 23.18574333190918,
            "count": 51
        },
        "SoccerTwos.Policy.GailBaselineEstimate.mean": {
            "value": 0.018686532974243164,
            "min": 0.012798606418073177,
            "max": 0.01923595927655697,
            "count": 51
        },
        "SoccerTwos.Policy.GailBaselineEstimate.sum": {
            "value": 5.9796905517578125,
            "min": 4.070345878601074,
            "max": 6.2696380615234375,
            "count": 51
        },
        "SoccerTwos.Policy.GailValueEstimate.mean": {
            "value": 0.018769478425383568,
            "min": 0.012862107716500759,
            "max": 0.01931588351726532,
            "count": 51
        },
        "SoccerTwos.Policy.GailValueEstimate.sum": {
            "value": 6.006233215332031,
            "min": 4.091609001159668,
            "max": 6.296570777893066,
            "count": 51
        },
        "SoccerTwos.Environment.EpisodeLength.mean": {
            "value": 418.3333333333333,
            "min": 301.6666666666667,
            "max": 999.0,
            "count": 51
        },
        "SoccerTwos.Environment.EpisodeLength.sum": {
            "value": 13805.0,
            "min": 9955.0,
            "max": 65934.0,
            "count": 51
        },
        "SoccerTwos.Environment.CumulativeReward.mean": {
            "value": 0.5555555555555556,
            "min": 0.24,
            "max": 2.7777777777777777,
            "count": 51
        },
        "SoccerTwos.Environment.CumulativeReward.sum": {
            "value": 10.0,
            "min": 6.0,
            "max": 50.0,
            "count": 51
        },
        "SoccerTwos.Policy.ExtrinsicReward.mean": {
            "value": 3.3333333333333335,
            "min": 1.2,
            "max": 16.666666666666668,
            "count": 51
        },
        "SoccerTwos.Policy.ExtrinsicReward.sum": {
            "value": 60.0,
            "min": 30.0,
            "max": 300.0,
            "count": 51
        },
        "SoccerTwos.Policy.GailReward.mean": {
            "value": 148.00468232896594,
            "min": 106.90506013234456,
            "max": 356.54485733032226,
            "count": 51
        },
        "SoccerTwos.Policy.GailReward.sum": {
            "value": 2664.0842819213867,
            "min": 1924.2910823822021,
            "max": 12710.995146751404,
            "count": 51
        },
        "SoccerTwos.Environment.GroupCumulativeReward.mean": {
            "value": 0.0,
            "min": -0.3333333333333333,
            "max": 0.10085000097751617,
            "count": 51
        },
        "SoccerTwos.Environment.GroupCumulativeReward.sum": {
            "value": 0.0,
            "min": -6.0,
            "max": 2.0170000195503235,
            "count": 51
        },
        "SoccerTwos.IsTraining.mean": {
            "value": 1.0,
            "min": 1.0,
            "max": 1.0,
            "count": 51
        },
        "SoccerTwos.IsTraining.sum": {
            "value": 1.0,
            "min": 1.0,
            "max": 1.0,
            "count": 51
        },
        "SoccerTwos.Self-play.ELO.mean": {
            "value": 1195.6763277732643,
            "min": 1192.6251991725294,
            "max": 1198.5157592562057,
            "count": 8
        },
        "SoccerTwos.Self-play.ELO.sum": {
            "value": 5978.381638866322,
            "min": 5963.125995862647,
            "max": 7189.550222871653,
            "count": 8
        }
    },
    "metadata": {
        "timer_format_version": "0.1.0",
        "start_time_seconds": "1684757245",
        "python_version": "3.8.16 (default, Mar  2 2023, 03:18:16) [MSC v.1916 64 bit (AMD64)]",
        "command_line_arguments": "C:\\Users\\asuca\\anaconda3\\envs\\unity38\\Scripts\\mlagents-learn config\\ppo\\SoccerImitation.yaml --force --run-id=Imitation2 --initialize-from Imitation1",
        "mlagents_version": "0.30.0",
        "mlagents_envs_version": "0.30.0",
        "communication_protocol_version": "1.5.0",
        "pytorch_version": "1.7.1+cu110",
        "numpy_version": "1.21.2",
        "end_time_seconds": "1684760068"
    },
    "total": 2823.550909,
    "count": 1,
    "self": 0.008210499999677268,
    "children": {
        "run_training.setup": {
            "total": 0.08461529999999984,
            "count": 1,
            "self": 0.08461529999999984
        },
        "TrainerController.start_learning": {
            "total": 2823.4580832,
            "count": 1,
            "self": 1.335065599974314,
            "children": {
                "TrainerController._reset_env": {
                    "total": 8.120807299999743,
                    "count": 6,
                    "self": 6.101064499999742,
                    "children": {
                        "demo_to_buffer": {
                            "total": 2.0197428000000013,
                            "count": 2,
                            "self": 9.380000000103195e-05,
                            "children": {
                                "load_demonstration": {
                                    "total": 0.028521899999999434,
                                    "count": 2,
                                    "self": 0.025655699999999726,
                                    "children": {
                                        "read_file": {
                                            "total": 0.002866199999999708,
                                            "count": 2,
                                            "self": 0.002866199999999708
                                        }
                                    }
                                },
                                "make_demo_buffer": {
                                    "total": 1.9911271000000008,
                                    "count": 2,
                                    "self": 0.2405706000000114,
                                    "children": {
                                        "steps_from_proto": {
                                            "total": 1.7505564999999894,
                                            "count": 7732,
                                            "self": 0.848364599999794,
                                            "children": {
                                                "_process_rank_one_or_two_observation": {
                                                    "total": 0.9021919000001954,