{
    "name": "root",
    "gauges": {
        "SoccerTwos.Policy.Entropy.mean": {
            "value": 2.167616367340088,
            "min": 1.8858413696289062,
            "max": 2.3155388832092285,
            "count": 320
        },
        "SoccerTwos.Policy.Entropy.sum": {
            "value": 87172.859375,
            "min": 75893.0703125,
            "max": 107935.3203125,
            "count": 320
        },
        "SoccerTwos.Step.mean": {
            "value": 6399949.0,
            "min": 19970.0,
            "max": 6399949.0,
            "count": 320
        },
        "SoccerTwos.Step.sum": {
            "value": 6399949.0,
            "min": 19970.0,
            "max": 6399949.0,
            "count": 320
        },
        "SoccerTwos.Policy.ExtrinsicBaselineEstimate.mean": {
            "value": 409.51556396484375,
            "min": 409.51556396484375,
            "max": 661.3403930664062,
            "count": 320
        },
        "SoccerTwos.Policy.ExtrinsicBaselineEstimate.sum": {
            "value": 133911.59375,
            "min": 133411.25,
            "max": 212351.375,
            "count": 320
        },
        "SoccerTwos.Policy.ExtrinsicValueEstimate.mean": {
            "value": 392.4211120605469,
            "min": 392.4211120605469,
            "max": 669.992919921875,
            "count": 320
        },
        "SoccerTwos.Policy.ExtrinsicValueEstimate.sum": {
            "value": 128321.703125,
            "min": 128321.703125,
            "max": 213643.1875,
            "count": 320
        },
        "SoccerTwos.Environment.EpisodeLength.mean": {
            "value": 129.5,
            "min": 25.0,
            "max": 238.5,
            "count": 320
        },
        "SoccerTwos.Environment.EpisodeLength.sum": {
            "value": 5698.0,
            "min": 825.0,
            "max": 16313.0,
            "count": 320
        },
        "SoccerTwos.Self-play.ELO.mean": {
            "value": 1345.4155919481873,
            "min": 1196.8437182378707,
            "max": 1350.637542757001,
            "count": 303
        },
        "SoccerTwos.Self-play.ELO.sum": {
            "value": 16144.987103378247,
            "min": 5996.857159184578,
            "max": 53051.7490504697,
            "count": 303
        },
        "SoccerTwos.Environment.CumulativeReward.mean": {
            "value": 192.1709273847836,
            "min": -25.054580052693684,
            "max": 337.20918580206734,
            "count": 320
        },
        "SoccerTwos.Environment.CumulativeReward.sum": {
            "value": 4227.760402465239,
            "min": -513.0527262687683,
            "max": 10616.022854536772,
            "count": 320
        },
        "SoccerTwos.Policy.ExtrinsicReward.mean": {
            "value": 1129.2564240152185,
            "min": -124.68997141520182,
            "max": 2025.8174476623535,
            "count": 320
        },
        "SoccerTwos.Policy.ExtrinsicReward.sum": {
            "value": 24843.64132833481,
            "min": -3175.4141540527344,
            "max": 61980.64822137356,
            "count": 320
        },
        "SoccerTwos.Environment.GroupCumulativeReward.mean": {
            "value": 1.16514545137232,
            "min": -1.0,
            "max": 3.9659058626960304,
            "count": 320
        },
        "SoccerTwos.Environment.GroupCumulativeReward.sum": {
            "value": 25.63319993019104,
            "min": -22.5,
            "max": 102.28839993476868,
            "count": 320
        },
        "SoccerTwos.IsTraining.mean": {
            "value": 1.0,
            "min": 1.0,
            "max": 1.0,
            "count": 320
        },
        "SoccerTwos.IsTraining.sum": {
            "value": 1.0,
            "min": 1.0,
            "max": 1.0,
            "count": 320
        },
        "SoccerTwos.Losses.PolicyLoss.mean": {
            "value": 0.016911009999199048,
            "min": 0.014477912959086502,
            "max": 0.026126553042558953,
            "count": 252
        },
        "SoccerTwos.Losses.PolicyLoss.sum": {
            "value": 0.016911009999199048,
            "min": 0.014477912959086502,
            "max": 0.026126553042558953,
            "count": 252
        },
        "SoccerTwos.Losses.ValueLoss.mean": {
            "value": 3361.8553500705293,
            "min": 2131.3783196343315,
            "max": 6037.982428656684,
            "count": 252
        },
        "SoccerTwos.Losses.ValueLoss.sum": {
            "value": 3361.8553500705293,
            "min": 2131.3783196343315,
            "max": 6037.982428656684,
            "count": 252
        },
        "SoccerTwos.Losses.BaselineLoss.mean": {
            "value": 5672.419040256076,
            "min": 3333.8948635525176,
            "max": 15652.247802734375,
            "count": 252
        },
        "SoccerTwos.Losses.BaselineLoss.sum": {
            "value": 5672.419040256076,
            "min": 3333.8948635525176,
            "max": 15652.247802734375,
            "count": 252
        },
        "SoccerTwos.Policy.LearningRate.mean": {
            "value": 0.0003,
            "min": 0.0003,
            "max": 0.0003,
            "count": 252
        },
        "SoccerTwos.Policy.LearningRate.sum": {
            "value": 0.0003,
            "min": 0.0003,
            "max": 0.0003,
            "count": 252
        },
        "SoccerTwos.Policy.Epsilon.mean": {
            "value": 0.20000000000000004,
            "min": 0.20000000000000004,
            "max": 0.20000000000000004,
            "count": 252
        },
        "SoccerTwos.Policy.Epsilon.sum": {
            "value": 0.20000000000000004,
            "min": 0.20000000000000004,
            "max": 0.20000000000000004,
            "count": 252
        },
        "SoccerTwos.Policy.Beta.mean": {
            "value": 0.005000000000000001,
            "min": 0.005000000000000001,
            "max": 0.005000000000000001,
            "count": 252
        },
        "SoccerTwos.Policy.Beta.sum": {
            "value": 0.005000000000000001,
            "min": 0.005000000000000001,
            "max": 0.005000000000000001,
            "count": 252
        }
    },
    "metadata": {
        "timer_format_version": "0.1.0",
        "start_time_seconds": "1685699658",
        "python_version": "3.8.16 (default, Mar  2 2023, 03:18:16) [MSC v.1916 64 bit (AMD64)]",
        "command_line_arguments": "C:\\Users\\asuca\\anaconda3\\envs\\unity38\\Scripts\\mlagents-learn config\\ppo\\Soccer.yaml --force --run-id=ArqueroV2 --initialize-from RegulacionArquero",
        "mlagents_version": "0.30.0",
        "mlagents_envs_version": "0.30.0",
        "communication_protocol_version": "1.5.0",
        "pytorch_version": "1.7.1+cu110",
        "numpy_version": "1.23.5",
        "end_time_seconds": "1685715012"
    },
    "total": 15354.6078189,
    "count": 1,
    "self": 0.020368999998026993,
    "children": {
        "run_training.setup": {
            "total": 0.08892009999999995,
            "count": 1,
            "self": 0.08892009999999995
        },
        "TrainerController.start_learning": {
            "total": 15354.498529800001,
            "count": 1,
            "self": 3.4200049002574815,
            "children": {
                "TrainerController._reset_env": {
                    "total": 30.812954399999384,
                    "count": 592,
                    "self": 30.812954399999384
                },
                "TrainerController.advance": {
                    "total": 15319.880663799746,
                    "count": 156072,
                    "self": 3.5855239002939925,
                    "children": {
                        "env_step": {
                            "total": 8375.905952899697,
                            "count": 156072,
                            "self": 7273.480973599821,