{
    "name": "root",
    "gauges": {
        "SoccerTwos.Policy.Entropy.mean": {
            "value": 2.3645787239074707,
            "min": 2.2613894939422607,
            "max": 2.5336363315582275,
            "count": 772
        },
        "SoccerTwos.Policy.Entropy.sum": {
            "value": 101695.796875,
            "min": 85276.125,
            "max": 124702.1953125,
            "count": 772
        },
        "SoccerTwos.Step.mean": {
            "value": 20719962.0,
            "min": 5299950.0,
            "max": 20719962.0,
            "count": 772
        },
        "SoccerTwos.Step.sum": {
            "value": 20719962.0,
            "min": 5299950.0,
            "max": 20719962.0,
            "count": 772
        },
        "SoccerTwos.Policy.ExtrinsicBaselineEstimate.mean": {
            "value": 84.971923828125,
            "min": -196.1538543701172,
            "max": 179.3717041015625,
            "count": 772
        },
        "SoccerTwos.Policy.ExtrinsicBaselineEstimate.sum": {
            "value": 27785.8203125,
            "min": -62769.234375,
            "max": 60448.26171875,
            "count": 772
        },
        "SoccerTwos.Policy.ExtrinsicValueEstimate.mean": {
            "value": 73.9643325805664,
            "min": -224.22998046875,
            "max": 180.6270751953125,
            "count": 772
        },
        "SoccerTwos.Policy.ExtrinsicValueEstimate.sum": {
            "value": 24186.3359375,
            "min": -71753.59375,
            "max": 59850.24609375,
            "count": 772
        },
        "SoccerTwos.Environment.EpisodeLength.mean": {
            "value": 83.2,
            "min": 26.0,
            "max": 251.5,
            "count": 767
        },
        "SoccerTwos.Environment.EpisodeLength.sum": {
            "value": 4992.0,
            "min": 432.0,
            "max": 17064.0,
            "count": 767
        },
        "SoccerTwos.Self-play.ELO.mean": {
            "value": 291.24501846274285,
            "min": 291.24501846274285,
            "max": 865.9721838037793,
            "count": 641
        },
        "SoccerTwos.Self-play.ELO.sum": {
            "value": 3494.940221552914,
            "min": 1747.470110776457,
            "max": 34526.34441354177,
            "count": 641
        },
        "SoccerTwos.Environment.CumulativeReward.mean": {
            "value": 30.44046312967936,
            "min": -595.5643393198649,
            "max": 140.64740435282388,
            "count": 767
        },
        "SoccerTwos.Environment.CumulativeReward.sum": {
            "value": 913.2138938903809,
            "min": -10590.095627427101,
            "max": 2301.549217581749,
            "count": 767
        },
        "SoccerTwos.Policy.ExtrinsicReward.mean": {
            "value": 183.5290640195211,
            "min": -3571.76811504364,
            "max": 845.8844248453776,
            "count": 767
        },
        "SoccerTwos.Policy.ExtrinsicReward.sum": {
            "value": 5505.871920585632,
            "min": -63540.56979370117,
            "max": 13872.338770866394,
            "count": 767
        },
        "SoccerTwos.Environment.GroupCumulativeReward.mean": {
            "value": 0.8862800002098083,
            "min": -1.0,
            "max": 5.338560000061989,
            "count": 767
        },
        "SoccerTwos.Environment.GroupCumulativeReward.sum": {
            "value": 26.58840000629425,
            "min": -12.0,
            "max": 160.15680000185966,
            "count": 767
        },
        "SoccerTwos.IsTraining.mean": {
            "value": 1.0,
            "min": 1.0,
            "max": 1.0,
            "count": 772
        },
        "SoccerTwos.IsTraining.sum": {
            "value": 1.0,
            "min": 1.0,
            "max": 1.0,
            "count": 772
        },
        "SoccerTwos.Losses.PolicyLoss.mean": {
            "value": 0.021438763302285224,
            "min": 0.015168675578833144,
            "max": 0.025733079137151234,
            "count": 597
        },
        "SoccerTwos.Losses.PolicyLoss.sum": {
            "value": 0.021438763302285224,
            "min": 0.015168675578833144,
            "max": 0.025733079137151234,
            "count": 597
        },
        "SoccerTwos.Losses.ValueLoss.mean": {
            "value": 3476.5946587456597,
            "min": 1284.8631167941624,
            "max": 12387.580457899305,
            "count": 597
        },
        "SoccerTwos.Losses.ValueLoss.sum": {
            "value": 3476.5946587456597,
            "min": 1284.8631167941624,
            "max": 12387.580457899305,
            "count": 597
        },
        "SoccerTwos.Losses.BaselineLoss.mean": {
            "value": 5366.826483832465,
            "min": 2244.7061225043403,
            "max": 29659.888726128473,
            "count": 597
        },
        "SoccerTwos.Losses.BaselineLoss.sum": {
            "value": 5366.826483832465,
            "min": 2244.7061225043403,
            "max": 29659.888726128473,
            "count": 597
        },
        "SoccerTwos.Policy.LearningRate.mean": {
            "value": 0.0003,
            "min": 0.0003,
            "max": 0.0003,
            "count": 597
        },
        "SoccerTwos.Policy.LearningRate.sum": {
            "value": 0.0003,
            "min": 0.0003,
            "max": 0.0003,
            "count": 597
        },
        "SoccerTwos.Policy.Epsilon.mean": {
            "value": 0.20000000000000004,
            "min": 0.20000000000000004,
            "max": 0.20000000000000004,
            "count": 597
        },
        "SoccerTwos.Policy.Epsilon.sum": {
            "value": 0.20000000000000004,
            "min": 0.20000000000000004,
            "max": 0.20000000000000004,
            "count": 597
        },
        "SoccerTwos.Policy.Beta.mean": {
            "value": 0.005000000000000001,
            "min": 0.005000000000000001,
            "max": 0.005000000000000001,
            "count": 597
        },
        "SoccerTwos.Policy.Beta.sum": {
            "value": 0.005000000000000001,
            "min": 0.005000000000000001,
            "max": 0.005000000000000001,
            "count": 597
        }
    },
    "metadata": {
        "timer_format_version": "0.1.0",
        "start_time_seconds": "1685414768",
        "python_version": "3.8.16 (default, Mar  2 2023, 03:18:16) [MSC v.1916 64 bit (AMD64)]",
        "command_line_arguments": "C:\\Users\\asuca\\anaconda3\\envs\\unity38\\Scripts\\mlagents-learn config\\ppo\\Soccer.yaml --resume --run-id=GolEnContra2 --initialize-from GolEnContra",
        "mlagents_version": "0.30.0",
        "mlagents_envs_version": "0.30.0",
        "communication_protocol_version": "1.5.0",
        "pytorch_version": "1.7.1+cu110",
        "numpy_version": "1.23.5",
        "end_time_seconds": "1685449631"
    },
    "total": 34862.751557,
    "count": 1,
    "self": 0.006262800008698832,
    "children": {
        "run_training.setup": {
            "total": 0.08964890000000003,
            "count": 1,
            "self": 0.08964890000000003
        },
        "TrainerController.start_learning": {
            "total": 34862.655645299994,
            "count": 1,
            "self": 7.205945499154041,
            "children": {
                "TrainerController._reset_env": {
                    "total": 52.93740689997125,
                    "count": 1339,
                    "self": 52.93740689997125
                },
                "TrainerController.advance": {
                    "total": 34802.22970850088,
                    "count": 343022,
                    "self": 7.578647301335877,
                    "children": {
                        "env_step": {
                            "total": 18105.297658699423,
                            "count": 343022,
                            "self": 15680.840165401263,