{
    "name": "root",
    "gauges": {
        "SoccerTwos.Policy.Entropy.mean": {
            "value": 3.2957589626312256,
            "min": 3.295758008956909,
            "max": 3.2957613468170166,
            "count": 27
        },
        "SoccerTwos.Policy.Entropy.sum": {
            "value": 121267.453125,
            "min": 116917.1015625,
            "max": 149001.28125,
            "count": 27
        },
        "SoccerTwos.Step.mean": {
            "value": 539972.0,
            "min": 19984.0,
            "max": 539972.0,
            "count": 27
        },
        "SoccerTwos.Step.sum": {
            "value": 539972.0,
            "min": 19984.0,
            "max": 539972.0,
            "count": 27
        },
        "SoccerTwos.Policy.ExtrinsicBaselineEstimate.mean": {
            "value": 0.07104787230491638,
            "min": 0.04736993461847305,
            "max": 0.07105466723442078,
            "count": 27
        },
        "SoccerTwos.Policy.ExtrinsicBaselineEstimate.sum": {
            "value": 22.66427230834961,
            "min": 15.064730644226074,
            "max": 23.02065658569336,
            "count": 27
        },
        "SoccerTwos.Policy.ExtrinsicValueEstimate.mean": {
            "value": 0.0711214542388916,
            "min": 0.04742927849292755,
            "max": 0.07112491130828857,
            "count": 27
        },
        "SoccerTwos.Policy.ExtrinsicValueEstimate.sum": {
            "value": 22.687744140625,
            "min": 15.083183288574219,
            "max": 23.044471740722656,
            "count": 27
        },
        "SoccerTwos.Environment.EpisodeLength.mean": {
            "value": 999.0,
            "min": 446.6666666666667,
            "max": 999.0,
            "count": 27
        },
        "SoccerTwos.Environment.EpisodeLength.sum": {
            "value": 32967.0,
            "min": 14740.0,
            "max": 54945.0,
            "count": 27
        },
        "SoccerTwos.Environment.CumulativeReward.mean": {
            "value": 0.5555555555555556,
            "min": 0.06666666666666667,
            "max": 0.8333333333333334,
            "count": 27
        },
        "SoccerTwos.Environment.CumulativeReward.sum": {
            "value": 10.0,
            "min": 1.0,
            "max": 20.0,
            "count": 27
        },
        "SoccerTwos.Policy.ExtrinsicReward.mean": {
            "value": 3.3333333333333335,
            "min": 0.3333333333333333,
            "max": 5.0,
            "count": 27
        },
        "SoccerTwos.Policy.ExtrinsicReward.sum": {
            "value": 60.0,
            "min": 5.0,
            "max": 120.0,
            "count": 27
        },
        "SoccerTwos.Environment.GroupCumulativeReward.mean": {
            "value": 0.0,
            "min": -0.3333333333333333,
            "max": 0.10019999742507935,
            "count": 27
        },
        "SoccerTwos.Environment.GroupCumulativeReward.sum": {
            "value": 0.0,
            "min": -6.0,
            "max": 2.5049999356269836,
            "count": 27
        },
        "SoccerTwos.IsTraining.mean": {
            "value": 1.0,
            "min": 1.0,
            "max": 1.0,
            "count": 27
        },
        "SoccerTwos.IsTraining.sum": {
            "value": 1.0,
            "min": 1.0,
            "max": 1.0,
            "count": 27
        },
        "SoccerTwos.Self-play.ELO.mean": {
            "value": 1198.8107657189926,
            "min": 1195.5272471280216,
            "max": 1198.8107657189926,
            "count": 6
        },
        "SoccerTwos.Self-play.ELO.sum": {
            "value": 7192.864594313955,
            "min": 5977.636235640108,
            "max": 7192.864594313955,
            "count": 6
        }
    },
    "metadata": {
        "timer_format_version": "0.1.0",
        "start_time_seconds": "1684696018",
        "python_version": "3.8.16 (default, Mar  2 2023, 03:18:16) [MSC v.1916 64 bit (AMD64)]",
        "command_line_arguments": "C:\\Users\\asuca\\anaconda3\\envs\\unity38\\Scripts\\mlagents-learn config\\ppo\\Soccer.yaml --force --run-id=DomingoIter2 --no-graphics --initialize-from DomingoIter1",
        "mlagents_version": "0.30.0",
        "mlagents_envs_version": "0.30.0",
        "communication_protocol_version": "1.5.0",
        "pytorch_version": "1.7.1+cu110",
        "numpy_version": "1.21.2",
        "end_time_seconds": "1684698441"
    },
    "total": 2423.679547,
    "count": 1,
    "self": 0.006847000000107073,
    "children": {
        "run_training.setup": {
            "total": 0.09956569999999987,
            "count": 1,
            "self": 0.09956569999999987
        },
        "TrainerController.start_learning": {
            "total": 2423.5731343,
            "count": 1,
            "self": 0.7350363000405196,
            "children": {
                "TrainerController._reset_env": {
                    "total": 6.826879599999898,
                    "count": 3,
                    "self": 6.826879599999898
                },
                "TrainerController.advance": {
                    "total": 2415.8582366999603,
                    "count": 33172,
                    "self": 0.7245142999431664,
                    "children": {
                        "env_step": {
                            "total": 1939.8177826999975,
                            "count": 33172,
                            "self": 1536.229632799998,
                            "children": {
                                "SubprocessEnvManager._take_step": {
                                    "total": 403.14010780001206,
                                    "count": 33172,
                                    "self": 4.433606199990663,
                                    "children": {
                                        "TorchPolicy.evaluate": {
                                            "total": 398.7065016000214,
                                            "count": 66260,
                                            "self": 398.7065016000214
                                        }
                                    }
                                },
                                "workers": {
                                    "total": 0.4480420999874877,
                                    "count": 33171,
                                    "self": 0.0,
                                    "children": {
                                        "worker_root": {
                                            "total": 2416.880020900011,
                                            "count": 33171,
                                            "is_parallel": true,
                                            "self": 986.1937145000113,
                                            "children": {
                                                "steps_from_proto": {
                                                    "total": 0.007231300000260177,
                                                    "count": 6,
                                                    "is_parallel": true,
                                                    "self": 0.0010801999998761858,
                                                    "children": {
                                                        "_process_rank_one_or_two_observation": {
                                                            "total": 0.006151100000383991,
                                                            "count": 24,
                                                            "is_parallel": true,
                                                            "self": 0.006151100000383991
                                                        }
                                                    }
                                                },
                                                "UnityEnvironment.step": {
                                                    "total": 1430.6790750999994,