{
    "name": "root",
    "gauges": {
        "SoccerTwos.Policy.Entropy.mean": {
            "value": 3.295745849609375,
            "min": 3.2957427501678467,
            "max": 3.2957494258880615,
            "count": 182
        },
        "SoccerTwos.Policy.Entropy.sum": {
            "value": 123442.1640625,
            "min": 118330.3984375,
            "max": 148239.453125,
            "count": 182
        },
        "SoccerTwos.Step.mean": {
            "value": 3639970.0,
            "min": 19950.0,
            "max": 3639970.0,
            "count": 182
        },
        "SoccerTwos.Step.sum": {
            "value": 3639970.0,
            "min": 19950.0,
            "max": 3639970.0,
            "count": 182
        },
        "SoccerTwos.Policy.ExtrinsicBaselineEstimate.mean": {
            "value": -0.08716506510972977,
            "min": -0.08717644959688187,
            "max": -0.05809988081455231,
            "count": 182
        },
        "SoccerTwos.Policy.ExtrinsicBaselineEstimate.sum": {
            "value": -27.631324768066406,
            "min": -28.589418411254883,
            "max": -18.186586380004883,
            "count": 182
        },
        "SoccerTwos.Policy.ExtrinsicValueEstimate.mean": {
            "value": -0.0871746689081192,
            "min": -0.0871746689081192,
            "max": -0.05813555791974068,
            "count": 182
        },
        "SoccerTwos.Policy.ExtrinsicValueEstimate.sum": {
            "value": -27.634368896484375,
            "min": -28.587343215942383,
            "max": -18.196796417236328,
            "count": 182
        },
        "SoccerTwos.Environment.EpisodeLength.mean": {
            "value": 1806.0,
            "min": 327.0,
            "max": 1999.0,
            "count": 178
        },
        "SoccerTwos.Environment.EpisodeLength.sum": {
            "value": 19866.0,
            "min": 3597.0,
            "max": 76934.0,
            "count": 178
        },
        "SoccerTwos.Self-play.ELO.mean": {
            "value": 1193.6122811864177,
            "min": 1187.019618008203,
            "max": 1205.5180656347939,
            "count": 73
        },
        "SoccerTwos.Self-play.ELO.sum": {
            "value": 14323.347374237012,
            "min": 5935.098090041015,
            "max": 21651.89090527644,
            "count": 73
        },
        "SoccerTwos.Environment.CumulativeReward.mean": {
            "value": -6508.219353690743,
            "min": -8568.454500856498,
            "max": 2.801959390565753,
            "count": 178
        },
        "SoccerTwos.Environment.CumulativeReward.sum": {
            "value": -39049.31612214446,
            "min": -139566.59178245068,
            "max": 28.01959390565753,
            "count": 178
        },
        "SoccerTwos.Policy.ExtrinsicReward.mean": {
            "value": -39049.3179880778,
            "min": -51410.729553222656,
            "max": 13.509793920069933,
            "count": 178
        },
        "SoccerTwos.Policy.ExtrinsicReward.sum": {
            "value": -234295.9079284668,
            "min": -837399.6052379608,
            "max": 135.09793920069933,
            "count": 178
        },
        "SoccerTwos.Environment.GroupCumulativeReward.mean": {
            "value": 0.0,
            "min": -1.0,
            "max": 0.48989999294281006,
            "count": 178
        },
        "SoccerTwos.Environment.GroupCumulativeReward.sum": {
            "value": 0.0,
            "min": -18.0,
            "max": 5.670600056648254,
            "count": 178
        },
        "SoccerTwos.IsTraining.mean": {
            "value": 1.0,
            "min": 1.0,
            "max": 1.0,
            "count": 182
        },
        "SoccerTwos.IsTraining.sum": {
            "value": 1.0,
            "min": 1.0,
            "max": 1.0,
            "count": 182
        }
    },
    "metadata": {
        "timer_format_version": "0.1.0",
        "start_time_seconds": "1684604782",
        "python_version": "3.8.16 (default, Mar  2 2023, 03:18:16) [MSC v.1916 64 bit (AMD64)]",
        "command_line_arguments": "C:\\Users\\asuca\\anaconda3\\envs\\unity38\\Scripts\\mlagents-learn config\\ppo\\Soccer.yaml --force --run-id=SabadoRecompensas",
        "mlagents_version": "0.30.0",
        "mlagents_envs_version": "0.30.0",
        "communication_protocol_version": "1.5.0",
        "pytorch_version": "1.7.1+cu110",
        "numpy_version": "1.21.2",
        "end_time_seconds": "1684614455"
    },
    "total": 9673.513315299999,
    "count": 1,
    "self": 0.21419699999933073,
    "children": {
        "run_training.setup": {
            "total": 0.0883398999999998,
            "count": 1,
            "self": 0.0883398999999998
        },
        "TrainerController.start_learning": {
            "total": 9673.2107784,
            "count": 1,
            "self": 4.425358800121103,
            "children": {
                "TrainerController._reset_env": {
                    "total": 7.788679699996962,
                    "count": 19,
                    "self": 7.788679699996962
                },
                "TrainerController.advance": {
                    "total": 9660.561064199883,
                    "count": 223595,
                    "self": 4.6375987997325865,
                    "children": {
                        "env_step": {
                            "total": 7931.658985600052,
                            "count": 223595,
                            "self": 6496.963553899923,
                            "children": {
                                "SubprocessEnvManager._take_step": {
                                    "total": 1431.7703333000295,
                                    "count": 223595,
                                    "self": 24.14226429985456,
                                    "children": {
                                        "TorchPolicy.evaluate": {
                                            "total": 1407.628069000175,
                                            "count": 446628,
                                            "self": 1407.628069000175
                                        }
                                    }
                                },
                                "workers": {
                                    "total": 2.925098400099138,
                                    "count": 223595,
                                    "self": 0.0,
                                    "children": {
                                        "worker_root": {
                                            "total": 9661.57621710023,
                                            "count": 223595,
                                            "is_parallel": true,
                                            "self": 4424.857333100218,
                                            "children": {
                                                "steps_from_proto": {
                                                    "total": 0.04705670000113482,
                                                    "count": 38,
                                                    "is_parallel": true,
                                                    "self": 0.006646300001690975,
                                                    "children": {
                                                        "_process_rank_one_or_two_observation": {
                                                            "total": 0.04041039999944385,
                                                            "count": 152,
                                                            "is_parallel": true,
                                                            "self": 0.04041039999944385
                                                        }
                                                    }
                                                },