{
    "name": "root",
    "gauges": {
        "SoccerTwos.Policy.Entropy.mean": {
            "value": 1.8690367937088013,
            "min": 1.5781365633010864,
            "max": 2.0920464992523193,
            "count": 919
        },
        "SoccerTwos.Policy.Entropy.sum": {
            "value": 83097.375,
            "min": 64583.7734375,
            "max": 114073.7578125,
            "count": 919
        },
        "SoccerTwos.Environment.EpisodeLength.mean": {
            "value": 94.75,
            "min": 2.5,
            "max": 143.33333333333334,
            "count": 919
        },
        "SoccerTwos.Environment.EpisodeLength.sum": {
            "value": 4548.0,
            "min": 60.0,
            "max": 19836.0,
            "count": 919
        },
        "SoccerTwos.Self-play.ELO.mean": {
            "value": 853.603308207605,
            "min": 850.3227948226717,
            "max": 1248.8299067336632,
            "count": 912
        },
        "SoccerTwos.Self-play.ELO.sum": {
            "value": 10243.23969849126,
            "min": 5147.102514768969,
            "max": 163998.154778879,
            "count": 912
        },
        "SoccerTwos.Step.mean": {
            "value": 18379958.0,
            "min": 19990.0,
            "max": 18379958.0,
            "count": 919
        },
        "SoccerTwos.Step.sum": {
            "value": 18379958.0,
            "min": 19990.0,
            "max": 18379958.0,
            "count": 919
        },
        "SoccerTwos.Policy.ExtrinsicBaselineEstimate.mean": {
            "value": 118.36869812011719,
            "min": -6.242648601531982,
            "max": 141.53115844726562,
            "count": 919
        },
        "SoccerTwos.Policy.ExtrinsicBaselineEstimate.sum": {
            "value": 38469.828125,
            "min": -2134.98583984375,
            "max": 45714.5625,
            "count": 919
        },
        "SoccerTwos.Policy.ExtrinsicValueEstimate.mean": {
            "value": 115.93659973144531,
            "min": -6.030161380767822,
            "max": 144.84910583496094,
            "count": 919
        },
        "SoccerTwos.Policy.ExtrinsicValueEstimate.sum": {
            "value": 37679.39453125,
            "min": -2062.315185546875,
            "max": 46786.26171875,
            "count": 919
        },
        "SoccerTwos.Environment.CumulativeReward.mean": {
            "value": 31.16467817242329,
            "min": -11.575551191965738,
            "max": 40.70141771249473,
            "count": 919
        },
        "SoccerTwos.Environment.CumulativeReward.sum": {
            "value": 810.2816324830055,
            "min": -449.476474031806,
            "max": 1492.8026360273361,
            "count": 919
        },
        "SoccerTwos.Policy.ExtrinsicReward.mean": {
            "value": 183.80076624796942,
            "min": -70.45330822467804,
            "max": 243.20851956804594,
            "count": 919
        },
        "SoccerTwos.Policy.ExtrinsicReward.sum": {
            "value": 4778.819922447205,
            "min": -2711.2947360277176,
            "max": 8953.628777503967,
            "count": 919
        },
        "SoccerTwos.Environment.GroupCumulativeReward.mean": {
            "value": -1.0,
            "min": -1.0,
            "max": 0.8454999923706055,
            "count": 919
        },
        "SoccerTwos.Environment.GroupCumulativeReward.sum": {
            "value": -26.0,
            "min": -66.26279962062836,
            "max": 52.44600096344948,
            "count": 919
        },
        "SoccerTwos.IsTraining.mean": {
            "value": 1.0,
            "min": 1.0,
            "max": 1.0,
            "count": 919
        },
        "SoccerTwos.IsTraining.sum": {
            "value": 1.0,
            "min": 1.0,
            "max": 1.0,
            "count": 919
        },
        "SoccerTwos.Losses.PolicyLoss.mean": {
            "value": 0.019141609790191676,
            "min": 0.012345659653975518,
            "max": 0.026829699804592464,
            "count": 722
        },
        "SoccerTwos.Losses.PolicyLoss.sum": {
            "value": 0.019141609790191676,
            "min": 0.012345659653975518,
            "max": 0.026829699804592464,
            "count": 722
        },
        "SoccerTwos.Losses.ValueLoss.mean": {
            "value": 326.34794489542645,
            "min": 102.18040657043457,
            "max": 462.16068861219617,
            "count": 722
        },
        "SoccerTwos.Losses.ValueLoss.sum": {
            "value": 326.34794489542645,
            "min": 102.18040657043457,
            "max": 462.16068861219617,
            "count": 722
        },
        "SoccerTwos.Losses.BaselineLoss.mean": {
            "value": 539.8332171969944,
            "min": 149.1726065741645,
            "max": 827.7432318793403,
            "count": 722
        },
        "SoccerTwos.Losses.BaselineLoss.sum": {
            "value": 539.8332171969944,
            "min": 149.1726065741645,
            "max": 827.7432318793403,
            "count": 722
        },
        "SoccerTwos.Policy.LearningRate.mean": {
            "value": 0.0003,
            "min": 0.0003,
            "max": 0.0003,
            "count": 722
        },
        "SoccerTwos.Policy.LearningRate.sum": {
            "value": 0.0003,
            "min": 0.0003,
            "max": 0.0003,
            "count": 722
        },
        "SoccerTwos.Policy.Epsilon.mean": {
            "value": 0.20000000000000004,
            "min": 0.20000000000000004,
            "max": 0.20000000000000004,
            "count": 722
        },
        "SoccerTwos.Policy.Epsilon.sum": {
            "value": 0.20000000000000004,
            "min": 0.20000000000000004,
            "max": 0.20000000000000004,
            "count": 722
        },
        "SoccerTwos.Policy.Beta.mean": {
            "value": 0.005000000000000001,
            "min": 0.005000000000000001,
            "max": 0.005000000000000001,
            "count": 722
        },
        "SoccerTwos.Policy.Beta.sum": {
            "value": 0.005000000000000001,
            "min": 0.005000000000000001,
            "max": 0.005000000000000001,
            "count": 722
        }
    },
    "metadata": {
        "timer_format_version": "0.1.0",
        "start_time_seconds": "1686459441",
        "python_version": "3.8.16 (default, Mar  2 2023, 03:18:16) [MSC v.1916 64 bit (AMD64)]",
        "command_line_arguments": "C:\\Users\\asuca\\anaconda3\\envs\\unity38\\Scripts\\mlagents-learn config\\ppo\\Soccer.yaml --force --run-id=ColisionsAndField --initialize-from neartoball --no-graphics --time-scale 20",
        "mlagents_version": "0.30.0",
        "mlagents_envs_version": "0.30.0",
        "communication_protocol_version": "1.5.0",
        "pytorch_version": "1.7.1+cu110",
        "numpy_version": "1.23.5",
        "end_time_seconds": "1686500648"
    },
    "total": 41206.7058936,
    "count": 1,
    "self": 0.017169099999591708,
    "children": {
        "run_training.setup": {
            "total": 0.10538549999999991,
            "count": 1,
            "self": 0.10538549999999991
        },
        "TrainerController.start_learning": {
            "total": 41206.583339000004,
            "count": 1,
            "self": 6.311861100992246,
            "children": {
                "TrainerController._reset_env": {
                    "total": 114.82588830004525,
                    "count": 1799,
                    "self": 114.82588830004525
                },
                "TrainerController.advance": {
                    "total": 41085.14976079896,
                    "count": 288911,
                    "self": 6.32426909962669,
                    "children": {
                        "env_step": {
                            "total": 19100.51993149836,
                            "count": 288911,
                            "self": 16966.730137895618,