{
    "name": "root",
    "gauges": {
        "SoccerTwos.Policy.Entropy.mean": {
            "value": 1.8641853332519531,
            "min": 1.7849273681640625,
            "max": 2.155043840408325,
            "count": 273
        },
        "SoccerTwos.Policy.Entropy.sum": {
            "value": 94805.0078125,
            "min": 71975.625,
            "max": 112406.8671875,
            "count": 273
        },
        "SoccerTwos.Step.mean": {
            "value": 5459950.0,
            "min": 19944.0,
            "max": 5459950.0,
            "count": 273
        },
        "SoccerTwos.Step.sum": {
            "value": 5459950.0,
            "min": 19944.0,
            "max": 5459950.0,
            "count": 273
        },
        "SoccerTwos.Policy.ExtrinsicBaselineEstimate.mean": {
            "value": 99.64057922363281,
            "min": 19.480998992919922,
            "max": 112.8664321899414,
            "count": 273
        },
        "SoccerTwos.Policy.ExtrinsicBaselineEstimate.sum": {
            "value": 33778.15625,
            "min": 6720.9443359375,
            "max": 37923.12109375,
            "count": 273
        },
        "SoccerTwos.Policy.ExtrinsicValueEstimate.mean": {
            "value": 101.1427993774414,
            "min": 18.552120208740234,
            "max": 113.69781494140625,
            "count": 273
        },
        "SoccerTwos.Policy.ExtrinsicValueEstimate.sum": {
            "value": 34287.41015625,
            "min": 6660.2109375,
            "max": 38202.46484375,
            "count": 273
        },
        "SoccerTwos.Environment.EpisodeLength.mean": {
            "value": 76.16666666666667,
            "min": 40.6,
            "max": 135.0,
            "count": 273
        },
        "SoccerTwos.Environment.EpisodeLength.sum": {
            "value": 10968.0,
            "min": 696.0,
            "max": 15564.0,
            "count": 273
        },
        "SoccerTwos.Self-play.ELO.mean": {
            "value": 1144.7402331501353,
            "min": 1128.3920793349496,
            "max": 1209.9412025317822,
            "count": 272
        },
        "SoccerTwos.Self-play.ELO.sum": {
            "value": 61815.9725901073,
            "min": 6868.258982726311,
            "max": 102619.34102942151,
            "count": 272
        },
        "SoccerTwos.Environment.CumulativeReward.mean": {
            "value": 12.275231037081944,
            "min": -3.234772698746787,
            "max": 33.06790200869242,
            "count": 273
        },
        "SoccerTwos.Environment.CumulativeReward.sum": {
            "value": 883.8166346698999,
            "min": -121.35421520471573,
            "max": 1803.8036702424288,
            "count": 273
        },
        "SoccerTwos.Policy.ExtrinsicReward.mean": {
            "value": 73.0870982143614,
            "min": -19.479733718766106,
            "max": 197.40742365519205,
            "count": 273
        },
        "SoccerTwos.Policy.ExtrinsicReward.sum": {
            "value": 5262.271071434021,
            "min": -753.2785656452179,
            "max": 10810.564219474792,
            "count": 273
        },
        "SoccerTwos.Environment.GroupCumulativeReward.mean": {
            "value": -0.5642833337187767,
            "min": -1.0,
            "max": 0.5421000023682913,
            "count": 273
        },
        "SoccerTwos.Environment.GroupCumulativeReward.sum": {
            "value": -40.62840002775192,
            "min": -62.03279972076416,
            "max": 20.362800300121307,
            "count": 273
        },
        "SoccerTwos.IsTraining.mean": {
            "value": 1.0,
            "min": 1.0,
            "max": 1.0,
            "count": 273
        },
        "SoccerTwos.IsTraining.sum": {
            "value": 1.0,
            "min": 1.0,
            "max": 1.0,
            "count": 273
        },
        "SoccerTwos.Losses.PolicyLoss.mean": {
            "value": 0.02036899134853027,
            "min": 0.0137045067927425,
            "max": 0.02422806736932317,
            "count": 214
        },
        "SoccerTwos.Losses.PolicyLoss.sum": {
            "value": 0.02036899134853027,
            "min": 0.0137045067927425,
            "max": 0.02422806736932317,
            "count": 214
        },
        "SoccerTwos.Losses.ValueLoss.mean": {
            "value": 256.9394187927246,
            "min": 188.74025832282172,
            "max": 400.16065470377606,
            "count": 214
        },
        "SoccerTwos.Losses.ValueLoss.sum": {
            "value": 256.9394187927246,
            "min": 188.74025832282172,
            "max": 400.16065470377606,
            "count": 214
        },
        "SoccerTwos.Losses.BaselineLoss.mean": {
            "value": 369.9896655612522,
            "min": 303.7918938530816,
            "max": 1021.998057047526,
            "count": 214
        },
        "SoccerTwos.Losses.BaselineLoss.sum": {
            "value": 369.9896655612522,
            "min": 303.7918938530816,
            "max": 1021.998057047526,
            "count": 214
        },
        "SoccerTwos.Policy.LearningRate.mean": {
            "value": 0.0003,
            "min": 0.0003,
            "max": 0.0003,
            "count": 214
        },
        "SoccerTwos.Policy.LearningRate.sum": {
            "value": 0.0003,
            "min": 0.0003,
            "max": 0.0003,
            "count": 214
        },
        "SoccerTwos.Policy.Epsilon.mean": {
            "value": 0.20000000000000004,
            "min": 0.20000000000000004,
            "max": 0.20000000000000004,
            "count": 214
        },
        "SoccerTwos.Policy.Epsilon.sum": {
            "value": 0.20000000000000004,
            "min": 0.20000000000000004,
            "max": 0.20000000000000004,
            "count": 214
        },
        "SoccerTwos.Policy.Beta.mean": {
            "value": 0.005000000000000001,
            "min": 0.005000000000000001,
            "max": 0.005000000000000001,
            "count": 214
        },
        "SoccerTwos.Policy.Beta.sum": {
            "value": 0.005000000000000001,
            "min": 0.005000000000000001,
            "max": 0.005000000000000001,
            "count": 214
        }
    },
    "metadata": {
        "timer_format_version": "0.1.0",
        "start_time_seconds": "1686501712",
        "python_version": "3.8.16 (default, Mar  2 2023, 03:18:16) [MSC v.1916 64 bit (AMD64)]",
        "command_line_arguments": "C:\\Users\\asuca\\anaconda3\\envs\\unity38\\Scripts\\mlagents-learn config\\ppo\\Soccer.yaml --force --run-id=FieldandDefender --initialize-from colisionsAndField --no-graphics --time-scale 20",
        "mlagents_version": "0.30.0",
        "mlagents_envs_version": "0.30.0",
        "communication_protocol_version": "1.5.0",
        "pytorch_version": "1.7.1+cu110",
        "numpy_version": "1.23.5",
        "end_time_seconds": "1686518655"
    },
    "total": 16944.6843289,
    "count": 1,
    "self": 0.006939700000657467,
    "children": {
        "run_training.setup": {
            "total": 0.10021750000000007,
            "count": 1,
            "self": 0.10021750000000007
        },
        "TrainerController.start_learning": {
            "total": 16944.5771717,
            "count": 1,
            "self": 2.0670954999477544,
            "children": {
                "TrainerController._reset_env": {
                    "total": 63.09485020000432,
                    "count": 536,
                    "self": 63.09485020000432
                },
                "TrainerController.advance": {
                    "total": 16879.112400700047,
                    "count": 85830,
                    "self": 2.308147800118604,
                    "children": {
                        "env_step": {
                            "total": 6144.396200599895,
                            "count": 85830,
                            "self": 5322.4171897997385,