{
    "name": "root",
    "gauges": {
        "SoccerTwos.Policy.Entropy.mean": {
            "value": 2.1279866695404053,
            "min": 2.0801703929901123,
            "max": 2.409390687942505,
            "count": 198
        },
        "SoccerTwos.Policy.Entropy.sum": {
            "value": 89886.15625,
            "min": 79424.59375,
            "max": 105824.6953125,
            "count": 198
        },
        "SoccerTwos.Step.mean": {
            "value": 3959984.0,
            "min": 19951.0,
            "max": 3959984.0,
            "count": 198
        },
        "SoccerTwos.Step.sum": {
            "value": 3959984.0,
            "min": 19951.0,
            "max": 3959984.0,
            "count": 198
        },
        "SoccerTwos.Policy.ExtrinsicBaselineEstimate.mean": {
            "value": 369.75189208984375,
            "min": -268.1604919433594,
            "max": 395.8717956542969,
            "count": 198
        },
        "SoccerTwos.Policy.ExtrinsicBaselineEstimate.sum": {
            "value": 119429.859375,
            "min": -87152.15625,
            "max": 126592.9296875,
            "count": 198
        },
        "SoccerTwos.Policy.ExtrinsicValueEstimate.mean": {
            "value": 375.6266174316406,
            "min": -280.1194152832031,
            "max": 401.59814453125,
            "count": 198
        },
        "SoccerTwos.Policy.ExtrinsicValueEstimate.sum": {
            "value": 121327.3984375,
            "min": -89358.09375,
            "max": 128109.8125,
            "count": 198
        },
        "SoccerTwos.Environment.EpisodeLength.mean": {
            "value": 278.6666666666667,
            "min": 34.0,
            "max": 336.3333333333333,
            "count": 198
        },
        "SoccerTwos.Environment.EpisodeLength.sum": {
            "value": 9196.0,
            "min": 1496.0,
            "max": 18282.0,
            "count": 198
        },
        "SoccerTwos.Self-play.ELO.mean": {
            "value": 1136.0352110573017,
            "min": 1135.8590400744856,
            "max": 1200.7435468075985,
            "count": 177
        },
        "SoccerTwos.Self-play.ELO.sum": {
            "value": 11360.352110573016,
            "min": 5707.939014447105,
            "max": 41224.547322761435,
            "count": 177
        },
        "SoccerTwos.Environment.CumulativeReward.mean": {
            "value": 224.0087106525898,
            "min": -103.19422558546066,
            "max": 242.19759941101074,
            "count": 198
        },
        "SoccerTwos.Environment.CumulativeReward.sum": {
            "value": 3584.1393704414368,
            "min": -1603.7733035087585,
            "max": 6781.532783508301,
            "count": 198
        },
        "SoccerTwos.Policy.ExtrinsicReward.mean": {
            "value": 1206.6681070327759,
            "min": -515.4365299224853,
            "max": 1338.7432245526995,
            "count": 198
        },
        "SoccerTwos.Policy.ExtrinsicReward.sum": {
            "value": 19306.689712524414,
            "min": -9596.538974761963,
            "max": 37484.810287475586,
            "count": 198
        },
        "SoccerTwos.Environment.GroupCumulativeReward.mean": {
            "value": 0.625,
            "min": -0.5454545454545454,
            "max": 3.817800000309944,
            "count": 198
        },
        "SoccerTwos.Environment.GroupCumulativeReward.sum": {
            "value": 10.0,
            "min": -14.129999935626984,
            "max": 115.9174000620842,
            "count": 198
        },
        "SoccerTwos.IsTraining.mean": {
            "value": 1.0,
            "min": 1.0,
            "max": 1.0,
            "count": 198
        },
        "SoccerTwos.IsTraining.sum": {
            "value": 1.0,
            "min": 1.0,
            "max": 1.0,
            "count": 198
        },
        "SoccerTwos.Losses.PolicyLoss.mean": {
            "value": 0.016548657262723684,
            "min": 0.016548657262723684,
            "max": 0.027856524309350386,
            "count": 156
        },
        "SoccerTwos.Losses.PolicyLoss.sum": {
            "value": 0.016548657262723684,
            "min": 0.016548657262723684,
            "max": 0.027856524309350386,
            "count": 156
        },
        "SoccerTwos.Losses.ValueLoss.mean": {
            "value": 1080.8740878634983,
            "min": 978.1762474907769,
            "max": 5038.232754177518,
            "count": 156
        },
        "SoccerTwos.Losses.ValueLoss.sum": {
            "value": 1080.8740878634983,
            "min": 978.1762474907769,
            "max": 5038.232754177518,
            "count": 156
        },
        "SoccerTwos.Losses.BaselineLoss.mean": {
            "value": 1640.7189093695747,
            "min": 1522.7278747558594,
            "max": 15717.853298611111,
            "count": 156
        },
        "SoccerTwos.Losses.BaselineLoss.sum": {
            "value": 1640.7189093695747,
            "min": 1522.7278747558594,
            "max": 15717.853298611111,
            "count": 156
        },
        "SoccerTwos.Policy.LearningRate.mean": {
            "value": 0.0003,
            "min": 0.0003,
            "max": 0.0003,
            "count": 156
        },
        "SoccerTwos.Policy.LearningRate.sum": {
            "value": 0.0003,
            "min": 0.0003,
            "max": 0.0003,
            "count": 156
        },
        "SoccerTwos.Policy.Epsilon.mean": {
            "value": 0.20000000000000004,
            "min": 0.20000000000000004,
            "max": 0.20000000000000004,
            "count": 156
        },
        "SoccerTwos.Policy.Epsilon.sum": {
            "value": 0.20000000000000004,
            "min": 0.20000000000000004,
            "max": 0.20000000000000004,
            "count": 156
        },
        "SoccerTwos.Policy.Beta.mean": {
            "value": 0.005000000000000001,
            "min": 0.005000000000000001,
            "max": 0.005000000000000001,
            "count": 156
        },
        "SoccerTwos.Policy.Beta.sum": {
            "value": 0.005000000000000001,
            "min": 0.005000000000000001,
            "max": 0.005000000000000001,
            "count": 156
        }
    },
    "metadata": {
        "timer_format_version": "0.1.0",
        "start_time_seconds": "1685471229",
        "python_version": "3.8.16 (default, Mar  2 2023, 03:18:16) [MSC v.1916 64 bit (AMD64)]",
        "command_line_arguments": "C:\\Users\\asuca\\anaconda3\\envs\\unity38\\Scripts\\mlagents-learn config\\ppo\\Soccer.yaml --force --run-id=TirosAlArco --initialize-from GolEnContra2",
        "mlagents_version": "0.30.0",
        "mlagents_envs_version": "0.30.0",
        "communication_protocol_version": "1.5.0",
        "pytorch_version": "1.7.1+cu110",
        "numpy_version": "1.23.5",
        "end_time_seconds": "1685481574"
    },
    "total": 10344.6115514,
    "count": 1,
    "self": 0.018868099999963306,
    "children": {
        "run_training.setup": {
            "total": 0.13594189999999973,
            "count": 1,
            "self": 0.13594189999999973
        },
        "TrainerController.start_learning": {
            "total": 10344.4567414,
            "count": 1,
            "self": 2.8931572001147288,
            "children": {
                "TrainerController._reset_env": {
                    "total": 21.36286160000015,
                    "count": 368,
                    "self": 21.36286160000015
                },
                "TrainerController.advance": {
                    "total": 10319.948779199882,
                    "count": 128757,
                    "self": 3.058577800024068,
                    "children": {
                        "env_step": {
                            "total": 5960.472281800015,
                            "count": 128757,
                            "self": 5070.298789100031,