{
    "name": "root",
    "gauges": {
        "SoccerTwos.Policy.Entropy.mean": {
            "value": 3.295759439468384,
            "min": 3.2957584857940674,
            "max": 3.295762062072754,
            "count": 52
        },
        "SoccerTwos.Policy.Entropy.sum": {
            "value": 122463.828125,
            "min": 116699.5625,
            "max": 150523.953125,
            "count": 52
        },
        "SoccerTwos.Step.mean": {
            "value": 1039951.0,
            "min": 19992.0,
            "max": 1039951.0,
            "count": 52
        },
        "SoccerTwos.Step.sum": {
            "value": 1039951.0,
            "min": 19992.0,
            "max": 1039951.0,
            "count": 52
        },
        "SoccerTwos.Policy.ExtrinsicBaselineEstimate.mean": {
            "value": 0.07105377316474915,
            "min": 0.0473654642701149,
            "max": 0.07106727361679077,
            "count": 52
        },
        "SoccerTwos.Policy.ExtrinsicBaselineEstimate.sum": {
            "value": 22.80826187133789,
            "min": 15.063751220703125,
            "max": 23.02033042907715,
            "count": 52
        },
        "SoccerTwos.Policy.ExtrinsicValueEstimate.mean": {
            "value": 0.07111960649490356,
            "min": 0.04742981866002083,
            "max": 0.07113717496395111,
            "count": 52
        },
        "SoccerTwos.Policy.ExtrinsicValueEstimate.sum": {
            "value": 22.82939338684082,
            "min": 15.083667755126953,
            "max": 23.04351806640625,
            "count": 52
        },
        "SoccerTwos.Environment.EpisodeLength.mean": {
            "value": 999.0,
            "min": 268.6666666666667,
            "max": 999.0,
            "count": 52
        },
        "SoccerTwos.Environment.EpisodeLength.sum": {
            "value": 43956.0,
            "min": 8866.0,
            "max": 61710.0,
            "count": 52
        },
        "SoccerTwos.Environment.CumulativeReward.mean": {
            "value": 0.041666667287548385,
            "min": 0.011111111276679568,
            "max": 0.3399999916553497,
            "count": 52
        },
        "SoccerTwos.Environment.CumulativeReward.sum": {
            "value": 1.0000000149011612,
            "min": 0.20000000298023224,
            "max": 6.799999833106995,
            "count": 52
        },
        "SoccerTwos.Policy.ExtrinsicReward.mean": {
            "value": 0.2500000037252903,
            "min": -0.04999999701976776,
            "max": 1.7481332768996556,
            "count": 52
        },
        "SoccerTwos.Policy.ExtrinsicReward.sum": {
            "value": 6.000000089406967,
            "min": -0.9999999403953552,
            "max": 34.738999009132385,
            "count": 52
        },
        "SoccerTwos.Environment.GroupCumulativeReward.mean": {
            "value": 0.0,
            "min": -0.2518666684627533,
            "max": 0.1600666642189026,
            "count": 52
        },
        "SoccerTwos.Environment.GroupCumulativeReward.sum": {
            "value": 0.0,
            "min": -6.0,
            "max": 3.806000053882599,
            "count": 52
        },
        "SoccerTwos.IsTraining.mean": {
            "value": 1.0,
            "min": 1.0,
            "max": 1.0,
            "count": 52
        },
        "SoccerTwos.IsTraining.sum": {
            "value": 1.0,
            "min": 1.0,
            "max": 1.0,
            "count": 52
        },
        "SoccerTwos.Self-play.ELO.mean": {
            "value": 1202.412033486173,
            "min": 1193.1308165213645,
            "max": 1202.412033486173,
            "count": 14
        },
        "SoccerTwos.Self-play.ELO.sum": {
            "value": 14428.944401834076,
            "min": 5965.654082606822,
            "max": 14428.944401834076,
            "count": 14
        }
    },
    "metadata": {
        "timer_format_version": "0.1.0",
        "start_time_seconds": "1684692194",
        "python_version": "3.8.16 (default, Mar  2 2023, 03:18:16) [MSC v.1916 64 bit (AMD64)]",
        "command_line_arguments": "C:\\Users\\asuca\\anaconda3\\envs\\unity38\\Scripts\\mlagents-learn config\\ppo\\Soccer.yaml --force --run-id=DomingoIter1",
        "mlagents_version": "0.30.0",
        "mlagents_envs_version": "0.30.0",
        "communication_protocol_version": "1.5.0",
        "pytorch_version": "1.7.1+cu110",
        "numpy_version": "1.21.2",
        "end_time_seconds": "1684695055"
    },
    "total": 2860.9974491000003,
    "count": 1,
    "self": 0.010965900000428519,
    "children": {
        "run_training.setup": {
            "total": 0.10080879999999981,
            "count": 1,
            "self": 0.10080879999999981
        },
        "TrainerController.start_learning": {
            "total": 2860.8856744,
            "count": 1,
            "self": 1.3334402999912527,
            "children": {
                "TrainerController._reset_env": {
                    "total": 9.131192500000067,
                    "count": 6,
                    "self": 9.131192500000067
                },
                "TrainerController.advance": {
                    "total": 2850.216117900008,
                    "count": 65413,
                    "self": 1.4343685000026198,
                    "children": {
                        "env_step": {
                            "total": 2392.056045699988,
                            "count": 65413,
                            "self": 1956.7299427999308,
                            "children": {
                                "SubprocessEnvManager._take_step": {
                                    "total": 434.4059326000227,
                                    "count": 65413,
                                    "self": 7.565398800037258,
                                    "children": {
                                        "TorchPolicy.evaluate": {
                                            "total": 426.84053379998545,
                                            "count": 130550,
                                            "self": 426.84053379998545
                                        }
                                    }
                                },
                                "workers": {
                                    "total": 0.9201703000343286,
                                    "count": 65412,
                                    "self": 0.0,
                                    "children": {
                                        "worker_root": {
                                            "total": 2852.0465273000236,
                                            "count": 65412,
                                            "is_parallel": true,
                                            "self": 1130.6034750000222,
                                            "children": {
                                                "steps_from_proto": {
                                                    "total": 0.02047789999989913,
                                                    "count": 12,
                                                    "is_parallel": true,
                                                    "self": 0.004227699998728518,
                                                    "children": {
                                                        "_process_rank_one_or_two_observation": {
                                                            "total": 0.01625020000117061,
                                                            "count": 48,
                                                            "is_parallel": true,
                                                            "self": 0.01625020000117061
                                                        }
                                                    }
                                                },