{
    "name": "root",
    "gauges": {
        "SoccerTwos.Policy.Entropy.mean": {
            "value": 2.331252098083496,
            "min": 2.082944631576538,
            "max": 2.3593339920043945,
            "count": 307
        },
        "SoccerTwos.Policy.Entropy.sum": {
            "value": 108216.7265625,
            "min": 46787.546875,
            "max": 112972.09375,
            "count": 307
        },
        "SoccerTwos.Step.mean": {
            "value": 10819981.0,
            "min": 4699981.0,
            "max": 10819981.0,
            "count": 307
        },
        "SoccerTwos.Step.sum": {
            "value": 10819981.0,
            "min": 4699981.0,
            "max": 10819981.0,
            "count": 307
        },
        "SoccerTwos.Policy.ExtrinsicBaselineEstimate.mean": {
            "value": 199.00498962402344,
            "min": 102.1882095336914,
            "max": 246.5037841796875,
            "count": 307
        },
        "SoccerTwos.Policy.ExtrinsicBaselineEstimate.sum": {
            "value": 65671.6484375,
            "min": 31398.33203125,
            "max": 80360.234375,
            "count": 307
        },
        "SoccerTwos.Policy.ExtrinsicValueEstimate.mean": {
            "value": 198.99583435058594,
            "min": 93.5062255859375,
            "max": 248.92086791992188,
            "count": 307
        },
        "SoccerTwos.Policy.ExtrinsicValueEstimate.sum": {
            "value": 65668.625,
            "min": 30534.1015625,
            "max": 81148.203125,
            "count": 307
        },
        "SoccerTwos.Environment.EpisodeLength.mean": {
            "value": 83.16666666666667,
            "min": 32.0,
            "max": 195.5,
            "count": 306
        },
        "SoccerTwos.Environment.EpisodeLength.sum": {
            "value": 5489.0,
            "min": 605.0,
            "max": 17886.0,
            "count": 306
        },
        "SoccerTwos.Self-play.ELO.mean": {
            "value": 1425.1421680289598,
            "min": 1234.1875888429443,
            "max": 1430.9091292368435,
            "count": 303
        },
        "SoccerTwos.Self-play.ELO.sum": {
            "value": 29927.985528608155,
            "min": 6644.056833257236,
            "max": 98734.98834546082,
            "count": 303
        },
        "SoccerTwos.Environment.CumulativeReward.mean": {
            "value": 10.195672629005982,
            "min": -28.94191017560661,
            "max": 97.7598541478316,
            "count": 306
        },
        "SoccerTwos.Environment.CumulativeReward.sum": {
            "value": 336.4571967571974,
            "min": -463.07056280970573,
            "max": 3254.5966911166906,
            "count": 306
        },
        "SoccerTwos.Policy.ExtrinsicReward.mean": {
            "value": 62.92419268868186,
            "min": -171.1032897233963,
            "max": 589.3072306315104,
            "count": 306
        },
        "SoccerTwos.Policy.ExtrinsicReward.sum": {
            "value": 2076.4983587265015,
            "min": -2737.652635574341,
            "max": 19118.255884170532,
            "count": 306
        },
        "SoccerTwos.Environment.GroupCumulativeReward.mean": {
            "value": 0.4953394044529308,
            "min": -0.875,
            "max": 2.948847027385936,
            "count": 306
        },
        "SoccerTwos.Environment.GroupCumulativeReward.sum": {
            "value": 16.346200346946716,
            "min": -15.75,
            "max": 104.32020139694214,
            "count": 306
        },
        "SoccerTwos.IsTraining.mean": {
            "value": 1.0,
            "min": 1.0,
            "max": 1.0,
            "count": 307
        },
        "SoccerTwos.IsTraining.sum": {
            "value": 1.0,
            "min": 1.0,
            "max": 1.0,
            "count": 307
        },
        "SoccerTwos.Losses.PolicyLoss.mean": {
            "value": 0.018090599526961643,
            "min": 0.012678815347055953,
            "max": 0.024978644906594936,
            "count": 238
        },
        "SoccerTwos.Losses.PolicyLoss.sum": {
            "value": 0.018090599526961643,
            "min": 0.012678815347055953,
            "max": 0.024978644906594936,
            "count": 238
        },
        "SoccerTwos.Losses.ValueLoss.mean": {
            "value": 442.85753038194446,
            "min": 426.585451566256,
            "max": 946.1360846625435,
            "count": 238
        },
        "SoccerTwos.Losses.ValueLoss.sum": {
            "value": 442.85753038194446,
            "min": 426.585451566256,
            "max": 946.1360846625435,
            "count": 238
        },
        "SoccerTwos.Losses.BaselineLoss.mean": {
            "value": 823.9873996310764,
            "min": 717.4512159559462,
            "max": 2454.3263414171006,
            "count": 238
        },
        "SoccerTwos.Losses.BaselineLoss.sum": {
            "value": 823.9873996310764,
            "min": 717.4512159559462,
            "max": 2454.3263414171006,
            "count": 238
        },
        "SoccerTwos.Policy.LearningRate.mean": {
            "value": 0.0003,
            "min": 0.0003,
            "max": 0.0003,
            "count": 238
        },
        "SoccerTwos.Policy.LearningRate.sum": {
            "value": 0.0003,
            "min": 0.0003,
            "max": 0.0003,
            "count": 238
        },
        "SoccerTwos.Policy.Epsilon.mean": {
            "value": 0.20000000000000004,
            "min": 0.20000000000000004,
            "max": 0.20000000000000004,
            "count": 238
        },
        "SoccerTwos.Policy.Epsilon.sum": {
            "value": 0.20000000000000004,
            "min": 0.20000000000000004,
            "max": 0.20000000000000004,
            "count": 238
        },
        "SoccerTwos.Policy.Beta.mean": {
            "value": 0.005000000000000001,
            "min": 0.005000000000000001,
            "max": 0.005000000000000001,
            "count": 238
        },
        "SoccerTwos.Policy.Beta.sum": {
            "value": 0.005000000000000001,
            "min": 0.005000000000000001,
            "max": 0.005000000000000001,
            "count": 238
        }
    },
    "metadata": {
        "timer_format_version": "0.1.0",
        "start_time_seconds": "1685562193",
        "python_version": "3.8.16 (default, Mar  2 2023, 03:18:16) [MSC v.1916 64 bit (AMD64)]",
        "command_line_arguments": "C:\\Users\\asuca\\anaconda3\\envs\\unity38\\Scripts\\mlagents-learn config\\ppo\\Soccer.yaml --resume --run-id=Retrain --initialize-from recompensasField2",
        "mlagents_version": "0.30.0",
        "mlagents_envs_version": "0.30.0",
        "communication_protocol_version": "1.5.0",
        "pytorch_version": "1.7.1+cu110",
        "numpy_version": "1.23.5",
        "end_time_seconds": "1685576412"
    },
    "total": 14218.988969400001,
    "count": 1,
    "self": 0.006232300000192481,
    "children": {
        "run_training.setup": {
            "total": 0.08854980000000001,
            "count": 1,
            "self": 0.08854980000000001
        },
        "TrainerController.start_learning": {
            "total": 14218.8941873,
            "count": 1,
            "self": 2.7297837000623986,
            "children": {
                "TrainerController._reset_env": {
                    "total": 35.77078120001253,
                    "count": 568,
                    "self": 35.77078120001253
                },
                "TrainerController.advance": {
                    "total": 14180.031031699926,
                    "count": 125260,
                    "self": 2.7138517998300813,
                    "children": {
                        "env_step": {
                            "total": 7626.98687839993,
                            "count": 125260,
                            "self": 6736.303260199956,