{
    "name": "root",
    "gauges": {
        "SoccerTwos.Policy.Entropy.mean": {
            "value": 1.944370150566101,
            "min": 1.6752160787582397,
            "max": 2.8071892261505127,
            "count": 800
        },
        "SoccerTwos.Policy.Entropy.sum": {
            "value": 85256.7421875,
            "min": 63304.703125,
            "max": 124059.90625,
            "count": 800
        },
        "SoccerTwos.Step.mean": {
            "value": 15999976.0,
            "min": 19968.0,
            "max": 15999976.0,
            "count": 800
        },
        "SoccerTwos.Step.sum": {
            "value": 15999976.0,
            "min": 19968.0,
            "max": 15999976.0,
            "count": 800
        },
        "SoccerTwos.Policy.ExtrinsicBaselineEstimate.mean": {
            "value": 58.83318328857422,
            "min": 5.655721187591553,
            "max": 186.2526092529297,
            "count": 800
        },
        "SoccerTwos.Policy.ExtrinsicBaselineEstimate.sum": {
            "value": 20532.78125,
            "min": 1866.3880615234375,
            "max": 58110.8125,
            "count": 800
        },
        "SoccerTwos.Policy.ExtrinsicValueEstimate.mean": {
            "value": 58.305694580078125,
            "min": 3.909773349761963,
            "max": 148.0756378173828,
            "count": 800
        },
        "SoccerTwos.Policy.ExtrinsicValueEstimate.sum": {
            "value": 20348.6875,
            "min": 1294.135009765625,
            "max": 46199.59765625,
            "count": 800
        },
        "SoccerTwos.IsTraining.mean": {
            "value": 1.0,
            "min": 1.0,
            "max": 1.0,
            "count": 800
        },
        "SoccerTwos.IsTraining.sum": {
            "value": 1.0,
            "min": 1.0,
            "max": 1.0,
            "count": 800
        },
        "SoccerTwos.Losses.PolicyLoss.mean": {
            "value": 0.017414725595303118,
            "min": 0.012220009953568641,
            "max": 0.025231951074804075,
            "count": 612
        },
        "SoccerTwos.Losses.PolicyLoss.sum": {
            "value": 0.017414725595303118,
            "min": 0.012220009953568641,
            "max": 0.025231951074804075,
            "count": 612
        },
        "SoccerTwos.Losses.ValueLoss.mean": {
            "value": 101.92976897802109,
            "min": 4.9307021116599055,
            "max": 1069.6462261493389,
            "count": 612
        },
        "SoccerTwos.Losses.ValueLoss.sum": {
            "value": 101.92976897802109,
            "min": 4.9307021116599055,
            "max": 1069.6462261493389,
            "count": 612
        },
        "SoccerTwos.Losses.BaselineLoss.mean": {
            "value": 198.89237350072617,
            "min": 11.981198090773363,
            "max": 6077.063977363782,
            "count": 612
        },
        "SoccerTwos.Losses.BaselineLoss.sum": {
            "value": 198.89237350072617,
            "min": 11.981198090773363,
            "max": 6077.063977363782,
            "count": 612
        },
        "SoccerTwos.Policy.LearningRate.mean": {
            "value": 0.0003,
            "min": 0.0003,
            "max": 0.0003,
            "count": 612
        },
        "SoccerTwos.Policy.LearningRate.sum": {
            "value": 0.0003,
            "min": 0.0003,
            "max": 0.0003,
            "count": 612
        },
        "SoccerTwos.Policy.Epsilon.mean": {
            "value": 0.20000000000000004,
            "min": 0.20000000000000004,
            "max": 0.20000000000000004,
            "count": 612
        },
        "SoccerTwos.Policy.Epsilon.sum": {
            "value": 0.20000000000000004,
            "min": 0.20000000000000004,
            "max": 0.20000000000000004,
            "count": 612
        },
        "SoccerTwos.Policy.Beta.mean": {
            "value": 0.005000000000000001,
            "min": 0.005000000000000001,
            "max": 0.005000000000000001,
            "count": 612
        },
        "SoccerTwos.Policy.Beta.sum": {
            "value": 0.005000000000000001,
            "min": 0.005000000000000001,
            "max": 0.005000000000000001,
            "count": 612
        },
        "SoccerTwos.Environment.EpisodeLength.mean": {
            "value": 91.44444444444444,
            "min": 12.333333333333334,
            "max": 187.5,
            "count": 794
        },
        "SoccerTwos.Environment.EpisodeLength.sum": {
            "value": 9876.0,
            "min": 312.0,
            "max": 20196.0,
            "count": 794
        },
        "SoccerTwos.Self-play.ELO.mean": {
            "value": 1158.3545419006748,
            "min": 1074.204854141411,
            "max": 1218.0829667395924,
            "count": 782
        },
        "SoccerTwos.Self-play.ELO.sum": {
            "value": 27800.509005616193,
            "min": 6533.962141699263,
            "max": 128565.44813167251,
            "count": 782
        },
        "SoccerTwos.Environment.CumulativeReward.mean": {
            "value": 12.489156241356223,
            "min": -3.6914669840286174,
            "max": 40.86808632686734,
            "count": 795
        },
        "SoccerTwos.Environment.CumulativeReward.sum": {
            "value": 674.414437033236,
            "min": -137.9604123607278,
            "max": 1070.913153192727,
            "count": 795
        },
        "SoccerTwos.Policy.ExtrinsicReward.mean": {
            "value": 73.93493377058594,
            "min": -23.148800770441692,
            "max": 244.20849418640137,
            "count": 795
        },
        "SoccerTwos.Policy.ExtrinsicReward.sum": {
            "value": 3992.486423611641,
            "min": -882.0540524721146,
            "max": 6401.590347290039,
            "count": 795
        },
        "SoccerTwos.Environment.GroupCumulativeReward.mean": {
            "value": -1.0,
            "min": -1.0,
            "max": 0.8267999887466431,
            "count": 795
        },
        "SoccerTwos.Environment.GroupCumulativeReward.sum": {
            "value": -54.0,
            "min": -63.0,
            "max": 32.16119921207428,
            "count": 795
        }
    },
    "metadata": {
        "timer_format_version": "0.1.0",
        "start_time_seconds": "1686193439",
        "python_version": "3.8.16 (default, Mar  2 2023, 03:18:16) [MSC v.1916 64 bit (AMD64)]",
        "command_line_arguments": "C:\\Users\\asuca\\anaconda3\\envs\\unity38\\Scripts\\mlagents-learn config\\ppo\\Soccer.yaml --force --run-id=CercaBalon --initialize-from fieldRecompense --no-graphics --time-scale 040",
        "mlagents_version": "0.30.0",
        "mlagents_envs_version": "0.30.0",
        "communication_protocol_version": "1.5.0",
        "pytorch_version": "1.7.1+cu110",
        "numpy_version": "1.23.5",
        "end_time_seconds": "1686227891"
    },
    "total": 34451.1971388,
    "count": 1,
    "self": 10.006304599999567,
    "children": {
        "run_training.setup": {
            "total": 0.08503850000000002,
            "count": 1,
            "self": 0.08503850000000002
        },
        "TrainerController.start_learning": {
            "total": 34441.1057957,
            "count": 1,
            "self": 6.81044929951895,
            "children": {
                "TrainerController._reset_env": {
                    "total": 62.11671760007793,
                    "count": 1571,
                    "self": 62.11671760007793
                },
                "TrainerController.advance": {
                    "total": 34371.890080100406,
                    "count": 322457,
                    "self": 7.292454799273401,
                    "children": {
                        "env_step": {
                            "total": 15542.315221500321,
                            "count": 322457,
                            "self": 13304.439297700286,