{
    "name": "root",
    "gauges": {
        "SoccerTwos.Policy.Entropy.mean": {
            "value": 2.0417544841766357,
            "min": 1.9355711936950684,
            "max": 2.223454475402832,
            "count": 308
        },
        "SoccerTwos.Policy.Entropy.sum": {
            "value": 90735.5703125,
            "min": 70280.390625,
            "max": 107859.78125,
            "count": 308
        },
        "SoccerTwos.Step.mean": {
            "value": 6159992.0,
            "min": 19979.0,
            "max": 6159992.0,
            "count": 308
        },
        "SoccerTwos.Step.sum": {
            "value": 6159992.0,
            "min": 19979.0,
            "max": 6159992.0,
            "count": 308
        },
        "SoccerTwos.Policy.ExtrinsicBaselineEstimate.mean": {
            "value": 392.6595458984375,
            "min": 260.56756591796875,
            "max": 453.4374084472656,
            "count": 308
        },
        "SoccerTwos.Policy.ExtrinsicBaselineEstimate.sum": {
            "value": 128399.671875,
            "min": 81818.21875,
            "max": 150288.21875,
            "count": 308
        },
        "SoccerTwos.Policy.ExtrinsicValueEstimate.mean": {
            "value": 396.49652099609375,
            "min": 237.14776611328125,
            "max": 458.99371337890625,
            "count": 308
        },
        "SoccerTwos.Policy.ExtrinsicValueEstimate.sum": {
            "value": 129654.359375,
            "min": 74464.3984375,
            "max": 149885.296875,
            "count": 308
        },
        "SoccerTwos.Environment.EpisodeLength.mean": {
            "value": 110.33333333333333,
            "min": 10.5,
            "max": 209.0,
            "count": 308
        },
        "SoccerTwos.Environment.EpisodeLength.sum": {
            "value": 7282.0,
            "min": 231.0,
            "max": 17171.0,
            "count": 308
        },
        "SoccerTwos.Self-play.ELO.mean": {
            "value": 1283.7856816615285,
            "min": 1198.0531320305663,
            "max": 1295.985959117339,
            "count": 306
        },
        "SoccerTwos.Self-play.ELO.sum": {
            "value": 28243.28499655363,
            "min": 6059.713926662284,
            "max": 62532.32197195516,
            "count": 306
        },
        "SoccerTwos.Environment.CumulativeReward.mean": {
            "value": 87.12933257673726,
            "min": -4.528791649422298,
            "max": 183.88982864537022,
            "count": 308
        },
        "SoccerTwos.Environment.CumulativeReward.sum": {
            "value": 2875.2679750323296,
            "min": -95.10462463786826,
            "max": 7748.0863953232765,
            "count": 308
        },
        "SoccerTwos.Policy.ExtrinsicReward.mean": {
            "value": 508.0009228099476,
            "min": -39.66197345370338,
            "max": 1044.257380030372,
            "count": 308
        },
        "SoccerTwos.Policy.ExtrinsicReward.sum": {
            "value": 16764.03045272827,
            "min": -832.901442527771,
            "max": 45854.44260597229,
            "count": 308
        },
        "SoccerTwos.Environment.GroupCumulativeReward.mean": {
            "value": 0.7490000110684019,
            "min": -1.0,
            "max": 2.8765908913178877,
            "count": 308
        },
        "SoccerTwos.Environment.GroupCumulativeReward.sum": {
            "value": 24.717000365257263,
            "min": -13.0,
            "max": 119.37300026416779,
            "count": 308
        },
        "SoccerTwos.IsTraining.mean": {
            "value": 1.0,
            "min": 1.0,
            "max": 1.0,
            "count": 308
        },
        "SoccerTwos.IsTraining.sum": {
            "value": 1.0,
            "min": 1.0,
            "max": 1.0,
            "count": 308
        },
        "SoccerTwos.Losses.PolicyLoss.mean": {
            "value": 0.01754322706033741,
            "min": 0.015737990945732843,
            "max": 0.024971939364655152,
            "count": 238
        },
        "SoccerTwos.Losses.PolicyLoss.sum": {
            "value": 0.01754322706033741,
            "min": 0.015737990945732843,
            "max": 0.024971939364655152,
            "count": 238
        },
        "SoccerTwos.Losses.ValueLoss.mean": {
            "value": 2032.0738084581162,
            "min": 1635.097188313802,
            "max": 4534.998616536458,
            "count": 238
        },
        "SoccerTwos.Losses.ValueLoss.sum": {
            "value": 2032.0738084581162,
            "min": 1635.097188313802,
            "max": 4534.998616536458,
            "count": 238
        },
        "SoccerTwos.Losses.BaselineLoss.mean": {
            "value": 3431.478807237413,
            "min": 2773.4584079318574,
            "max": 8075.433055388622,
            "count": 238
        },
        "SoccerTwos.Losses.BaselineLoss.sum": {
            "value": 3431.478807237413,
            "min": 2773.4584079318574,
            "max": 8075.433055388622,
            "count": 238
        },
        "SoccerTwos.Policy.LearningRate.mean": {
            "value": 0.0003,
            "min": 0.0003,
            "max": 0.0003,
            "count": 238
        },
        "SoccerTwos.Policy.LearningRate.sum": {
            "value": 0.0003,
            "min": 0.0003,
            "max": 0.0003,
            "count": 238
        },
        "SoccerTwos.Policy.Epsilon.mean": {
            "value": 0.20000000000000004,
            "min": 0.20000000000000004,
            "max": 0.20000000000000004,
            "count": 238
        },
        "SoccerTwos.Policy.Epsilon.sum": {
            "value": 0.20000000000000004,
            "min": 0.20000000000000004,
            "max": 0.20000000000000004,
            "count": 238
        },
        "SoccerTwos.Policy.Beta.mean": {
            "value": 0.005000000000000001,
            "min": 0.005000000000000001,
            "max": 0.005000000000000001,
            "count": 238
        },
        "SoccerTwos.Policy.Beta.sum": {
            "value": 0.005000000000000001,
            "min": 0.005000000000000001,
            "max": 0.005000000000000001,
            "count": 238
        }
    },
    "metadata": {
        "timer_format_version": "0.1.0",
        "start_time_seconds": "1685673848",
        "python_version": "3.8.16 (default, Mar  2 2023, 03:18:16) [MSC v.1916 64 bit (AMD64)]",
        "command_line_arguments": "C:\\Users\\asuca\\anaconda3\\envs\\unity38\\Scripts\\mlagents-learn config\\ppo\\Soccer.yaml --force --run-id=RegulacionArquero --initialize-from ToqueteoParametrosProximidad",
        "mlagents_version": "0.30.0",
        "mlagents_envs_version": "0.30.0",
        "communication_protocol_version": "1.5.0",
        "pytorch_version": "1.7.1+cu110",
        "numpy_version": "1.23.5",
        "end_time_seconds": "1685688056"
    },
    "total": 14207.2823148,
    "count": 1,
    "self": 0.00643579999996291,
    "children": {
        "run_training.setup": {
            "total": 0.08510430000000002,
            "count": 1,
            "self": 0.08510430000000002
        },
        "TrainerController.start_learning": {
            "total": 14207.1907747,
            "count": 1,
            "self": 2.7138037002368947,
            "children": {
                "TrainerController._reset_env": {
                    "total": 42.475491500011046,
                    "count": 566,
                    "self": 42.475491500011046
                },
                "TrainerController.advance": {
                    "total": 14161.693211699754,
                    "count": 125167,
                    "self": 2.814743199525765,
                    "children": {
                        "env_step": {
                            "total": 7635.856018500357,
                            "count": 125167,
                            "self": 6746.063108600694,