{
    "name": "root",
    "gauges": {
        "SoccerTwos.Policy.Entropy.mean": {
            "value": 1.1709260940551758,
            "min": 0.2948235273361206,
            "max": 1.274639368057251,
            "count": 537
        },
        "SoccerTwos.Policy.Entropy.sum": {
            "value": 56625.98828125,
            "min": 12509.9521484375,
            "max": 65220.75,
            "count": 537
        },
        "SoccerTwos.Step.mean": {
            "value": 10739960.0,
            "min": 19998.0,
            "max": 10739960.0,
            "count": 537
        },
        "SoccerTwos.Step.sum": {
            "value": 10739960.0,
            "min": 19998.0,
            "max": 10739960.0,
            "count": 537
        },
        "SoccerTwos.Policy.ExtrinsicBaselineEstimate.mean": {
            "value": -21.933984756469727,
            "min": -93.821044921875,
            "max": 15.417611122131348,
            "count": 537
        },
        "SoccerTwos.Policy.ExtrinsicBaselineEstimate.sum": {
            "value": -7347.884765625,
            "min": -31663.89453125,
            "max": 4949.05322265625,
            "count": 537
        },
        "SoccerTwos.Policy.ExtrinsicValueEstimate.mean": {
            "value": -19.100818634033203,
            "min": -95.12846374511719,
            "max": 45.515594482421875,
            "count": 537
        },
        "SoccerTwos.Policy.ExtrinsicValueEstimate.sum": {
            "value": -6398.7744140625,
            "min": -32527.22265625,
            "max": 14610.505859375,
            "count": 537
        },
        "SoccerTwos.Environment.EpisodeLength.mean": {
            "value": 75.5,
            "min": 2.5,
            "max": 141.66666666666666,
            "count": 537
        },
        "SoccerTwos.Environment.EpisodeLength.sum": {
            "value": 5436.0,
            "min": 60.0,
            "max": 20400.0,
            "count": 537
        },
        "SoccerTwos.Self-play.ELO.mean": {
            "value": 803.0730545508699,
            "min": 803.0730545508699,
            "max": 1201.9757113393018,
            "count": 530
        },
        "SoccerTwos.Self-play.ELO.sum": {
            "value": 28910.629963831314,
            "min": 6145.6844336824815,
            "max": 87244.36422815295,
            "count": 530
        },
        "SoccerTwos.Environment.CumulativeReward.mean": {
            "value": -2.900060726536645,
            "min": -37.89528327518039,
            "max": 10.326296839863062,
            "count": 537
        },
        "SoccerTwos.Environment.CumulativeReward.sum": {
            "value": -104.40218615531921,
            "min": -2661.71786236763,
            "max": 697.0436792969704,
            "count": 537
        },
        "SoccerTwos.Policy.ExtrinsicReward.mean": {
            "value": -18.12943962878651,
            "min": -227.95524915059408,
            "max": 61.55120003720125,
            "count": 537
        },
        "SoccerTwos.Policy.ExtrinsicReward.sum": {
            "value": -652.6598266363144,
            "min": -16031.410433769226,
            "max": 4140.147410869598,
            "count": 537
        },
        "SoccerTwos.Environment.GroupCumulativeReward.mean": {
            "value": -0.7290666699409485,
            "min": -1.0,
            "max": 0.602333332101504,
            "count": 537
        },
        "SoccerTwos.Environment.GroupCumulativeReward.sum": {
            "value": -26.246400117874146,
            "min": -62.8847998380661,
            "max": 31.156800001859665,
            "count": 537
        },
        "SoccerTwos.IsTraining.mean": {
            "value": 1.0,
            "min": 1.0,
            "max": 1.0,
            "count": 537
        },
        "SoccerTwos.IsTraining.sum": {
            "value": 1.0,
            "min": 1.0,
            "max": 1.0,
            "count": 537
        },
        "SoccerTwos.Losses.PolicyLoss.mean": {
            "value": 0.014677247795690265,
            "min": 0.011976270545750999,
            "max": 0.036154600234416044,
            "count": 422
        },
        "SoccerTwos.Losses.PolicyLoss.sum": {
            "value": 0.014677247795690265,
            "min": 0.011976270545750999,
            "max": 0.036154600234416044,
            "count": 422
        },
        "SoccerTwos.Losses.ValueLoss.mean": {
            "value": 236.04907396104602,
            "min": 129.649261686537,
            "max": 530.6379954020182,
            "count": 422
        },
        "SoccerTwos.Losses.ValueLoss.sum": {
            "value": 236.04907396104602,
            "min": 129.649261686537,
            "max": 530.6379954020182,
            "count": 422
        },
        "SoccerTwos.Losses.BaselineLoss.mean": {
            "value": 372.7109663221571,
            "min": 209.37867143419055,
            "max": 1499.8694831000435,
            "count": 422
        },
        "SoccerTwos.Losses.BaselineLoss.sum": {
            "value": 372.7109663221571,
            "min": 209.37867143419055,
            "max": 1499.8694831000435,
            "count": 422
        },
        "SoccerTwos.Policy.LearningRate.mean": {
            "value": 0.0003,
            "min": 0.0003,
            "max": 0.0003,
            "count": 422
        },
        "SoccerTwos.Policy.LearningRate.sum": {
            "value": 0.0003,
            "min": 0.0003,
            "max": 0.0003,
            "count": 422
        },
        "SoccerTwos.Policy.Epsilon.mean": {
            "value": 0.20000000000000004,
            "min": 0.20000000000000004,
            "max": 0.20000000000000004,
            "count": 422
        },
        "SoccerTwos.Policy.Epsilon.sum": {
            "value": 0.20000000000000004,
            "min": 0.20000000000000004,
            "max": 0.20000000000000004,
            "count": 422
        },
        "SoccerTwos.Policy.Beta.mean": {
            "value": 0.005000000000000001,
            "min": 0.005000000000000001,
            "max": 0.005000000000000001,
            "count": 422
        },
        "SoccerTwos.Policy.Beta.sum": {
            "value": 0.005000000000000001,
            "min": 0.005000000000000001,
            "max": 0.005000000000000001,
            "count": 422
        }
    },
    "metadata": {
        "timer_format_version": "0.1.0",
        "start_time_seconds": "1686541940",
        "python_version": "3.8.16 (default, Mar  2 2023, 03:18:16) [MSC v.1916 64 bit (AMD64)]",
        "command_line_arguments": "C:\\Users\\asuca\\anaconda3\\envs\\unity38\\Scripts\\mlagents-learn config\\ppo\\Soccer.yaml --force --run-id=NotTouchingRecompense --initialize-from MidAndDefender --no-graphics --time-scale 20",
        "mlagents_version": "0.30.0",
        "mlagents_envs_version": "0.30.0",
        "communication_protocol_version": "1.5.0",
        "pytorch_version": "1.7.1+cu110",
        "numpy_version": "1.23.5",
        "end_time_seconds": "1686566080"
    },
    "total": 24140.1890742,
    "count": 1,
    "self": 0.009105499997531297,
    "children": {
        "run_training.setup": {
            "total": 0.09375149999999999,
            "count": 1,
            "self": 0.09375149999999999
        },
        "TrainerController.start_learning": {
            "total": 24140.0862172,
            "count": 1,
            "self": 3.840038699301658,
            "children": {
                "TrainerController._reset_env": {
                    "total": 67.44413479997992,
                    "count": 1053,
                    "self": 67.44413479997992
                },
                "TrainerController.advance": {
                    "total": 24068.49056710072,
                    "count": 169616,
                    "self": 4.030906501262507,
                    "children": {
                        "env_step": {
                            "total": 11133.454335799765,
                            "count": 169616,
                            "self": 9881.520639499564,