{
    "name": "root",
    "gauges": {
        "SoccerTwos.Policy.Entropy.mean": {
            "value": 3.2957420349121094,
            "min": 3.2957379817962646,
            "max": 3.2957468032836914,
            "count": 126
        },
        "SoccerTwos.Policy.Entropy.sum": {
            "value": 143888.796875,
            "min": 116481.484375,
            "max": 150523.203125,
            "count": 126
        },
        "SoccerTwos.Step.mean": {
            "value": 2519994.0,
            "min": 19943.0,
            "max": 2519994.0,
            "count": 126
        },
        "SoccerTwos.Step.sum": {
            "value": 2519994.0,
            "min": 19943.0,
            "max": 2519994.0,
            "count": 126
        },
        "SoccerTwos.Policy.ExtrinsicBaselineEstimate.mean": {
            "value": -0.04107620567083359,
            "min": -0.06159017235040665,
            "max": -0.04107535630464554,
            "count": 126
        },
        "SoccerTwos.Policy.ExtrinsicBaselineEstimate.sum": {
            "value": -13.226537704467773,
            "min": -20.200031280517578,
            "max": -13.02302074432373,
            "count": 126
        },
        "SoccerTwos.Policy.ExtrinsicValueEstimate.mean": {
            "value": -0.041052836924791336,
            "min": -0.061603348702192307,
            "max": -0.04104606434702873,
            "count": 126
        },
        "SoccerTwos.Policy.ExtrinsicValueEstimate.sum": {
            "value": -13.219013214111328,
            "min": -20.203357696533203,
            "max": -13.013204574584961,
            "count": 126
        },
        "SoccerTwos.Policy.GailBaselineEstimate.mean": {
            "value": 0.04997490346431732,
            "min": 0.04996641352772713,
            "max": 0.07497920840978622,
            "count": 126
        },
        "SoccerTwos.Policy.GailBaselineEstimate.sum": {
            "value": 16.0919189453125,
            "min": 15.841939926147461,
            "max": 24.59004783630371,
            "count": 126
        },
        "SoccerTwos.Policy.GailValueEstimate.mean": {
            "value": 0.05000263825058937,
            "min": 0.04999734088778496,
            "max": 0.07504540681838989,
            "count": 126
        },
        "SoccerTwos.Policy.GailValueEstimate.sum": {
            "value": 16.100849151611328,
            "min": 15.850346565246582,
            "max": 24.611818313598633,
            "count": 126
        },
        "SoccerTwos.Environment.EpisodeLength.mean": {
            "value": 910.2,
            "min": 382.0,
            "max": 999.0,
            "count": 126
        },
        "SoccerTwos.Environment.EpisodeLength.sum": {
            "value": 50061.0,
            "min": 13728.0,
            "max": 65934.0,
            "count": 126
        },
        "SoccerTwos.Self-play.ELO.mean": {
            "value": 1224.3206075237354,
            "min": 1194.5784602453825,
            "max": 1224.8932433409625,
            "count": 59
        },
        "SoccerTwos.Self-play.ELO.sum": {
            "value": 12243.206075237355,
            "min": 5987.571747014012,
            "max": 18230.89653096801,
            "count": 59
        },
        "SoccerTwos.Environment.CumulativeReward.mean": {
            "value": 55.01695254601538,
            "min": 11.818319904555876,
            "max": 89.94995702368517,
            "count": 126
        },
        "SoccerTwos.Environment.CumulativeReward.sum": {
            "value": 1375.4238136503845,
            "min": 177.27479856833816,
            "max": 2494.5004182569683,
            "count": 126
        },
        "SoccerTwos.Policy.ExtrinsicReward.mean": {
            "value": 274.6847625012696,
            "min": 59.23860370156665,
            "max": 539.6997334609429,
            "count": 126
        },
        "SoccerTwos.Policy.ExtrinsicReward.sum": {
            "value": 6867.1190625317395,
            "min": 888.5790555234998,
            "max": 12472.502370409667,
            "count": 126
        },
        "SoccerTwos.Policy.GailReward.mean": {
            "value": 315.36226821899413,
            "min": 132.65327159166335,
            "max": 346.6816558202108,
            "count": 126
        },
        "SoccerTwos.Policy.GailReward.sum": {
            "value": 7884.0567054748535,
            "min": 2166.065285205841,
            "max": 10395.251348495483,
            "count": 126
        },
        "SoccerTwos.Environment.GroupCumulativeReward.mean": {
            "value": -0.4,
            "min": -0.4,
            "max": 0.22323333223660788,
            "count": 126
        },
        "SoccerTwos.Environment.GroupCumulativeReward.sum": {
            "value": -10.0,
            "min": -10.0,
            "max": 6.696999967098236,
            "count": 126
        },
        "SoccerTwos.IsTraining.mean": {
            "value": 1.0,
            "min": 1.0,
            "max": 1.0,
            "count": 126
        },
        "SoccerTwos.IsTraining.sum": {
            "value": 1.0,
            "min": 1.0,
            "max": 1.0,
            "count": 126
        }
    },
    "metadata": {
        "timer_format_version": "0.1.0",
        "start_time_seconds": "1684777154",
        "python_version": "3.8.16 (default, Mar  2 2023, 03:18:16) [MSC v.1916 64 bit (AMD64)]",
        "command_line_arguments": "C:\\Users\\asuca\\anaconda3\\envs\\unity38\\Scripts\\mlagents-learn config\\ppo\\SoccerImitation.yaml --force --run-id=SinInicio --initialize-from SinInicio",
        "mlagents_version": "0.30.0",
        "mlagents_envs_version": "0.30.0",
        "communication_protocol_version": "1.5.0",
        "pytorch_version": "1.7.1+cu110",
        "numpy_version": "1.21.2",
        "end_time_seconds": "1684783985"
    },
    "total": 6831.039783300001,
    "count": 1,
    "self": 0.22874880000017583,
    "children": {
        "run_training.setup": {
            "total": 0.08464910000000003,
            "count": 1,
            "self": 0.08464910000000003
        },
        "TrainerController.start_learning": {
            "total": 6830.7263854,
            "count": 1,
            "self": 3.308924100026161,
            "children": {
                "TrainerController._reset_env": {
                    "total": 7.964125499999177,
                    "count": 13,
                    "self": 7.938168899999178,
                    "children": {
                        "demo_to_buffer": {
                            "total": 0.025956599999998886,
                            "count": 2,
                            "self": 4.7799999997266696e-05,
                            "children": {
                                "load_demonstration": {
                                    "total": 0.0010197000000005119,
                                    "count": 2,
                                    "self": 0.0009247999999999479,
                                    "children": {
                                        "read_file": {
                                            "total": 9.490000000056398e-05,
                                            "count": 2,
                                            "self": 9.490000000056398e-05
                                        }
                                    }
                                },
                                "make_demo_buffer": {
                                    "total": 0.024889100000001108,
                                    "count": 2,
                                    "self": 0.0030850000000057776,
                                    "children": {
                                        "steps_from_proto": {
                                            "total": 0.02180409999999533,
                                            "count": 96,
                                            "self": 0.01067030000002589,