{
    "name": "root",
    "gauges": {
        "SoccerTwos.Policy.Entropy.mean": {
            "value": 3.295731782913208,
            "min": 3.295727252960205,
            "max": 3.2957377433776855,
            "count": 126
        },
        "SoccerTwos.Policy.Entropy.sum": {
            "value": 143743.34375,
            "min": 116009.6484375,
            "max": 151175.234375,
            "count": 126
        },
        "SoccerTwos.Step.mean": {
            "value": 2519998.0,
            "min": 19968.0,
            "max": 2519998.0,
            "count": 126
        },
        "SoccerTwos.Step.sum": {
            "value": 2519998.0,
            "min": 19968.0,
            "max": 2519998.0,
            "count": 126
        },
        "SoccerTwos.Policy.ExtrinsicBaselineEstimate.mean": {
            "value": -0.011116055771708488,
            "min": -0.016625041142106056,
            "max": -0.011112754233181477,
            "count": 126
        },
        "SoccerTwos.Policy.ExtrinsicBaselineEstimate.sum": {
            "value": -3.557137966156006,
            "min": -5.500725746154785,
            "max": -3.469393730163574,
            "count": 126
        },
        "SoccerTwos.Policy.ExtrinsicValueEstimate.mean": {
            "value": -0.01109102088958025,
            "min": -0.01662355475127697,
            "max": -0.011086284182965755,
            "count": 126
        },
        "SoccerTwos.Policy.ExtrinsicValueEstimate.sum": {
            "value": -3.549126625061035,
            "min": -5.501452922821045,
            "max": -3.46066951751709,
            "count": 126
        },
        "SoccerTwos.IsTraining.mean": {
            "value": 1.0,
            "min": 1.0,
            "max": 1.0,
            "count": 126
        },
        "SoccerTwos.IsTraining.sum": {
            "value": 1.0,
            "min": 1.0,
            "max": 1.0,
            "count": 126
        },
        "SoccerTwos.Environment.EpisodeLength.mean": {
            "value": 1999.0,
            "min": 172.0,
            "max": 1999.0,
            "count": 114
        },
        "SoccerTwos.Environment.EpisodeLength.sum": {
            "value": 43978.0,
            "min": 1892.0,
            "max": 109945.0,
            "count": 114
        },
        "SoccerTwos.Self-play.ELO.mean": {
            "value": 1217.625168537521,
            "min": 1196.4642664204773,
            "max": 1222.8988196133353,
            "count": 53
        },
        "SoccerTwos.Self-play.ELO.sum": {
            "value": 12176.25168537521,
            "min": 5994.905173270161,
            "max": 21997.33168599825,
            "count": 53
        },
        "SoccerTwos.Environment.CumulativeReward.mean": {
            "value": 71.10101146446542,
            "min": 5.026979558728636,
            "max": 84.83803404085339,
            "count": 114
        },
        "SoccerTwos.Environment.CumulativeReward.sum": {
            "value": 711.0101146446541,
            "min": 37.876796977594495,
            "max": 1693.0427097541979,
            "count": 114
        },
        "SoccerTwos.Policy.ExtrinsicReward.mean": {
            "value": 355.50504264831545,
            "min": 25.458447265625,
            "max": 424.1901705265045,
            "count": 114
        },
        "SoccerTwos.Policy.ExtrinsicReward.sum": {
            "value": 3555.0504264831543,
            "min": 190.10947799682617,
            "max": 8470.631765842438,
            "count": 114
        },
        "SoccerTwos.Environment.GroupCumulativeReward.mean": {
            "value": 0.0,
            "min": -1.0,
            "max": 0.4966000070174535,
            "count": 114
        },
        "SoccerTwos.Environment.GroupCumulativeReward.sum": {
            "value": 0.0,
            "min": -12.0,
            "max": 8.938800126314163,
            "count": 114
        }
    },
    "metadata": {
        "timer_format_version": "0.1.0",
        "start_time_seconds": "1684593605",
        "python_version": "3.8.16 (default, Mar  2 2023, 03:18:16) [MSC v.1916 64 bit (AMD64)]",
        "command_line_arguments": "C:\\Users\\asuca\\anaconda3\\envs\\unity38\\Scripts\\mlagents-learn config\\ppo\\Soccer.yaml --force --run-id=multipleRun --initialize-from multipleRun",
        "mlagents_version": "0.30.0",
        "mlagents_envs_version": "0.30.0",
        "communication_protocol_version": "1.5.0",
        "pytorch_version": "1.7.1+cu110",
        "numpy_version": "1.21.2",
        "end_time_seconds": "1684599262"
    },
    "total": 5657.4812702,
    "count": 1,
    "self": 0.09401960000013787,
    "children": {
        "run_training.setup": {
            "total": 0.10656289999999968,
            "count": 1,
            "self": 0.10656289999999968
        },
        "TrainerController.start_learning": {
            "total": 5657.280687699999,
            "count": 1,
            "self": 2.105124299819181,
            "children": {
                "TrainerController._reset_env": {
                    "total": 8.340587900001776,
                    "count": 13,
                    "self": 8.340587900001776
                },
                "TrainerController.advance": {
                    "total": 5646.808094900179,
                    "count": 94026,
                    "self": 2.1796559003114453,
                    "children": {
                        "env_step": {
                            "total": 4355.500018599926,
                            "count": 94026,
                            "self": 3650.1173226999686,
                            "children": {
                                "SubprocessEnvManager._take_step": {
                                    "total": 704.0681315999573,
                                    "count": 94026,
                                    "self": 13.176569399941854,
                                    "children": {
                                        "TorchPolicy.evaluate": {
                                            "total": 690.8915622000154,
                                            "count": 187624,
                                            "self": 690.8915622000154
                                        }
                                    }
                                },
                                "workers": {
                                    "total": 1.3145643000001872,
                                    "count": 94026,
                                    "self": 0.0,
                                    "children": {
                                        "worker_root": {
                                            "total": 5648.973629699918,
                                            "count": 94026,
                                            "is_parallel": true,
                                            "self": 2522.2665711999693,
                                            "children": {
                                                "steps_from_proto": {
                                                    "total": 0.054628599999508864,
                                                    "count": 26,
                                                    "is_parallel": true,
                                                    "self": 0.00697639999863231,
                                                    "children": {
                                                        "_process_rank_one_or_two_observation": {
                                                            "total": 0.047652200000876554,
                                                            "count": 104,
                                                            "is_parallel": true,
                                                            "self": 0.047652200000876554
                                                        }
                                                    }
                                                },