{
    "name": "root",
    "gauges": {
        "SoccerTwos.Policy.Entropy.mean": {
            "value": 2.1840076446533203,
            "min": 1.9729983806610107,
            "max": 2.3686609268188477,
            "count": 1122
        },
        "SoccerTwos.Policy.Entropy.sum": {
            "value": 91282.78125,
            "min": 68399.90625,
            "max": 114438.890625,
            "count": 1122
        },
        "SoccerTwos.Step.mean": {
            "value": 23099998.0,
            "min": 679960.0,
            "max": 23099998.0,
            "count": 1122
        },
        "SoccerTwos.Step.sum": {
            "value": 23099998.0,
            "min": 679960.0,
            "max": 23099998.0,
            "count": 1122
        },
        "SoccerTwos.Policy.ExtrinsicBaselineEstimate.mean": {
            "value": 68.22322082519531,
            "min": 6.991933345794678,
            "max": 80.63655853271484,
            "count": 1122
        },
        "SoccerTwos.Policy.ExtrinsicBaselineEstimate.sum": {
            "value": 22991.2265625,
            "min": 2237.418701171875,
            "max": 27093.8828125,
            "count": 1122
        },
        "SoccerTwos.Policy.ExtrinsicValueEstimate.mean": {
            "value": 67.32331085205078,
            "min": 4.0162200927734375,
            "max": 81.20187377929688,
            "count": 1122
        },
        "SoccerTwos.Policy.ExtrinsicValueEstimate.sum": {
            "value": 22687.955078125,
            "min": 1337.4012451171875,
            "max": 26835.703125,
            "count": 1122
        },
        "SoccerTwos.Environment.EpisodeLength.mean": {
            "value": 80.57142857142857,
            "min": 19.0,
            "max": 168.44444444444446,
            "count": 1121
        },
        "SoccerTwos.Environment.EpisodeLength.sum": {
            "value": 6768.0,
            "min": 456.0,
            "max": 22332.0,
            "count": 1121
        },
        "SoccerTwos.Self-play.ELO.mean": {
            "value": 1072.6012408791246,
            "min": 1037.2984917100957,
            "max": 1212.3970368564549,
            "count": 1121
        },
        "SoccerTwos.Self-play.ELO.sum": {
            "value": 25742.429781098992,
            "min": 6304.952266722548,
            "max": 126552.10981527108,
            "count": 1121
        },
        "SoccerTwos.Environment.CumulativeReward.mean": {
            "value": 11.921353176990081,
            "min": -6.827884856385715,
            "max": 30.351715420621137,
            "count": 1121
        },
        "SoccerTwos.Environment.CumulativeReward.sum": {
            "value": 500.6968334335834,
            "min": -225.3202002607286,
            "max": 1677.3351193927228,
            "count": 1121
        },
        "SoccerTwos.Policy.ExtrinsicReward.mean": {
            "value": 70.95820635273343,
            "min": -41.83678232901024,
            "max": 181.6882998784383,
            "count": 1121
        },
        "SoccerTwos.Policy.ExtrinsicReward.sum": {
            "value": 2980.244666814804,
            "min": -1380.613816857338,
            "max": 10034.598972558975,
            "count": 1121
        },
        "SoccerTwos.Environment.GroupCumulativeReward.mean": {
            "value": -0.5699142856257302,
            "min": -1.0,
            "max": 0.6634666522343954,
            "count": 1121
        },
        "SoccerTwos.Environment.GroupCumulativeReward.sum": {
            "value": -23.93639999628067,
            "min": -77.79839980602264,
            "max": 32.71379980444908,
            "count": 1121
        },
        "SoccerTwos.IsTraining.mean": {
            "value": 1.0,
            "min": 1.0,
            "max": 1.0,
            "count": 1122
        },
        "SoccerTwos.IsTraining.sum": {
            "value": 1.0,
            "min": 1.0,
            "max": 1.0,
            "count": 1122
        },
        "SoccerTwos.Losses.PolicyLoss.mean": {
            "value": 0.019597103523735244,
            "min": 0.012633075891547682,
            "max": 0.027557999404962175,
            "count": 863
        },
        "SoccerTwos.Losses.PolicyLoss.sum": {
            "value": 0.019597103523735244,
            "min": 0.012633075891547682,
            "max": 0.027557999404962175,
            "count": 863
        },
        "SoccerTwos.Losses.ValueLoss.mean": {
            "value": 110.34961230938251,
            "min": 72.3210196861854,
            "max": 195.79818428887262,
            "count": 863
        },
        "SoccerTwos.Losses.ValueLoss.sum": {
            "value": 110.34961230938251,
            "min": 72.3210196861854,
            "max": 195.79818428887262,
            "count": 863
        },
        "SoccerTwos.Losses.BaselineLoss.mean": {
            "value": 195.278080084385,
            "min": 113.69546847873264,
            "max": 366.32477230495874,
            "count": 863
        },
        "SoccerTwos.Losses.BaselineLoss.sum": {
            "value": 195.278080084385,
            "min": 113.69546847873264,
            "max": 366.32477230495874,
            "count": 863
        },
        "SoccerTwos.Policy.LearningRate.mean": {
            "value": 0.0003,
            "min": 0.0003,
            "max": 0.0003,
            "count": 863
        },
        "SoccerTwos.Policy.LearningRate.sum": {
            "value": 0.0003,
            "min": 0.0003,
            "max": 0.0003,
            "count": 863
        },
        "SoccerTwos.Policy.Epsilon.mean": {
            "value": 0.20000000000000004,
            "min": 0.20000000000000004,
            "max": 0.20000000000000004,
            "count": 863
        },
        "SoccerTwos.Policy.Epsilon.sum": {
            "value": 0.20000000000000004,
            "min": 0.20000000000000004,
            "max": 0.20000000000000004,
            "count": 863
        },
        "SoccerTwos.Policy.Beta.mean": {
            "value": 0.005000000000000001,
            "min": 0.005000000000000001,
            "max": 0.005000000000000001,
            "count": 863
        },
        "SoccerTwos.Policy.Beta.sum": {
            "value": 0.005000000000000001,
            "min": 0.005000000000000001,
            "max": 0.005000000000000001,
            "count": 863
        }
    },
    "metadata": {
        "timer_format_version": "0.1.0",
        "start_time_seconds": "1686352154",
        "python_version": "3.8.16 (default, Mar  2 2023, 03:18:16) [MSC v.1916 64 bit (AMD64)]",
        "command_line_arguments": "C:\\Users\\asuca\\anaconda3\\envs\\unity38\\Scripts\\mlagents-learn config\\ppo\\Soccer.yaml --resume --run-id=ContactedBall --initialize-from Defensores --no-graphics",
        "mlagents_version": "0.30.0",
        "mlagents_envs_version": "0.30.0",
        "communication_protocol_version": "1.5.0",
        "pytorch_version": "1.7.1+cu110",
        "numpy_version": "1.23.5",
        "end_time_seconds": "1686407468"
    },
    "total": 55313.524347599996,
    "count": 1,
    "self": 0.007111799990525469,
    "children": {
        "run_training.setup": {
            "total": 0.09174280000000001,
            "count": 1,
            "self": 0.09174280000000001
        },
        "TrainerController.start_learning": {
            "total": 55313.425493,
            "count": 1,
            "self": 9.939804598390765,
            "children": {
                "TrainerController._reset_env": {
                    "total": 113.89370900005129,
                    "count": 2203,
                    "self": 113.89370900005129
                },
                "TrainerController.advance": {
                    "total": 55189.24166280156,
                    "count": 455690,
                    "self": 10.604167301091366,
                    "children": {
                        "env_step": {
                            "total": 27084.063312499653,
                            "count": 455690,
                            "self": 23660.408278499493,