{
    "name": "root",
    "gauges": {
        "SoccerTwos.Policy.Entropy.mean": {
            "value": 2.254068613052368,
            "min": 2.0457842350006104,
            "max": 2.278289318084717,
            "count": 321
        },
        "SoccerTwos.Policy.Entropy.sum": {
            "value": 85690.671875,
            "min": 79275.046875,
            "max": 102149.640625,
            "count": 321
        },
        "SoccerTwos.Step.mean": {
            "value": 6419994.0,
            "min": 19936.0,
            "max": 6419994.0,
            "count": 321
        },
        "SoccerTwos.Step.sum": {
            "value": 6419994.0,
            "min": 19936.0,
            "max": 6419994.0,
            "count": 321
        },
        "SoccerTwos.Policy.ExtrinsicBaselineEstimate.mean": {
            "value": 760.0880126953125,
            "min": 346.0049133300781,
            "max": 881.6508178710938,
            "count": 321
        },
        "SoccerTwos.Policy.ExtrinsicBaselineEstimate.sum": {
            "value": 240947.90625,
            "min": 109683.5546875,
            "max": 284727.4375,
            "count": 321
        },
        "SoccerTwos.Policy.ExtrinsicValueEstimate.mean": {
            "value": 753.4021606445312,
            "min": 383.3677673339844,
            "max": 885.5216064453125,
            "count": 321
        },
        "SoccerTwos.Policy.ExtrinsicValueEstimate.sum": {
            "value": 238828.484375,
            "min": 121527.578125,
            "max": 287689.34375,
            "count": 321
        },
        "SoccerTwos.Environment.EpisodeLength.mean": {
            "value": 194.5,
            "min": 28.0,
            "max": 318.0,
            "count": 320
        },
        "SoccerTwos.Environment.EpisodeLength.sum": {
            "value": 4279.0,
            "min": 616.0,
            "max": 20284.0,
            "count": 320
        },
        "SoccerTwos.Self-play.ELO.mean": {
            "value": 1317.6798117538472,
            "min": 1196.5131519284448,
            "max": 1330.5071036469383,
            "count": 260
        },
        "SoccerTwos.Self-play.ELO.sum": {
            "value": 6588.399058769236,
            "min": 5983.493978969148,
            "max": 39162.57545047338,
            "count": 260
        },
        "SoccerTwos.Environment.CumulativeReward.mean": {
            "value": 274.87416862249376,
            "min": 54.057874870300296,
            "max": 534.6850379854441,
            "count": 320
        },
        "SoccerTwos.Environment.CumulativeReward.sum": {
            "value": 2748.7416862249374,
            "min": 540.5787487030029,
            "max": 15250.899003744125,
            "count": 320
        },
        "SoccerTwos.Policy.ExtrinsicReward.mean": {
            "value": 1374.5191123962402,
            "min": 270.2893630981445,
            "max": 2865.0696029663086,
            "count": 320
        },
        "SoccerTwos.Policy.ExtrinsicReward.sum": {
            "value": 13745.191123962402,
            "min": 2702.8936309814453,
            "max": 87321.61290168762,
            "count": 320
        },
        "SoccerTwos.Environment.GroupCumulativeReward.mean": {
            "value": 0.14830000698566437,
            "min": -0.5,
            "max": 1.40625,
            "count": 320
        },
        "SoccerTwos.Environment.GroupCumulativeReward.sum": {
            "value": 1.4830000698566437,
            "min": -13.639200031757355,
            "max": 34.639999866485596,
            "count": 320
        },
        "SoccerTwos.IsTraining.mean": {
            "value": 1.0,
            "min": 1.0,
            "max": 1.0,
            "count": 321
        },
        "SoccerTwos.IsTraining.sum": {
            "value": 1.0,
            "min": 1.0,
            "max": 1.0,
            "count": 321
        },
        "SoccerTwos.Losses.PolicyLoss.mean": {
            "value": 0.020050555234774947,
            "min": 0.016581993926795095,
            "max": 0.026759648223459307,
            "count": 253
        },
        "SoccerTwos.Losses.PolicyLoss.sum": {
            "value": 0.020050555234774947,
            "min": 0.016581993926795095,
            "max": 0.026759648223459307,
            "count": 253
        },
        "SoccerTwos.Losses.ValueLoss.mean": {
            "value": 3161.212449815538,
            "min": 2216.2176852756074,
            "max": 6761.055569118924,
            "count": 253
        },
        "SoccerTwos.Losses.ValueLoss.sum": {
            "value": 3161.212449815538,
            "min": 2216.2176852756074,
            "max": 6761.055569118924,
            "count": 253
        },
        "SoccerTwos.Losses.BaselineLoss.mean": {
            "value": 4302.4802652994795,
            "min": 3185.2401665581597,
            "max": 15884.108995225695,
            "count": 253
        },
        "SoccerTwos.Losses.BaselineLoss.sum": {
            "value": 4302.4802652994795,
            "min": 3185.2401665581597,
            "max": 15884.108995225695,
            "count": 253
        },
        "SoccerTwos.Policy.LearningRate.mean": {
            "value": 0.0003,
            "min": 0.0003,
            "max": 0.0003,
            "count": 253
        },
        "SoccerTwos.Policy.LearningRate.sum": {
            "value": 0.0003,
            "min": 0.0003,
            "max": 0.0003,
            "count": 253
        },
        "SoccerTwos.Policy.Epsilon.mean": {
            "value": 0.20000000000000004,
            "min": 0.20000000000000004,
            "max": 0.20000000000000004,
            "count": 253
        },
        "SoccerTwos.Policy.Epsilon.sum": {
            "value": 0.20000000000000004,
            "min": 0.20000000000000004,
            "max": 0.20000000000000004,
            "count": 253
        },
        "SoccerTwos.Policy.Beta.mean": {
            "value": 0.005000000000000001,
            "min": 0.005000000000000001,
            "max": 0.005000000000000001,
            "count": 253
        },
        "SoccerTwos.Policy.Beta.sum": {
            "value": 0.005000000000000001,
            "min": 0.005000000000000001,
            "max": 0.005000000000000001,
            "count": 253
        }
    },
    "metadata": {
        "timer_format_version": "0.1.0",
        "start_time_seconds": "1685483934",
        "python_version": "3.8.16 (default, Mar  2 2023, 03:18:16) [MSC v.1916 64 bit (AMD64)]",
        "command_line_arguments": "C:\\Users\\asuca\\anaconda3\\envs\\unity38\\Scripts\\mlagents-learn config\\ppo\\Soccer.yaml --force --run-id=TouchBall --initialize-from TirosAlArco",
        "mlagents_version": "0.30.0",
        "mlagents_envs_version": "0.30.0",
        "communication_protocol_version": "1.5.0",
        "pytorch_version": "1.7.1+cu110",
        "numpy_version": "1.23.5",
        "end_time_seconds": "1685502584"
    },
    "total": 18650.353895,
    "count": 1,
    "self": 0.006657999998424202,
    "children": {
        "run_training.setup": {
            "total": 0.08801210000000004,
            "count": 1,
            "self": 0.08801210000000004
        },
        "TrainerController.start_learning": {
            "total": 18650.2592249,
            "count": 1,
            "self": 4.390894999887678,
            "children": {
                "TrainerController._reset_env": {
                    "total": 27.42351659998275,
                    "count": 594,
                    "self": 27.42351659998275
                },
                "TrainerController.advance": {
                    "total": 18618.140375900133,
                    "count": 207703,
                    "self": 4.667659300575906,
                    "children": {
                        "env_step": {
                            "total": 9745.941390400138,
                            "count": 207703,
                            "self": 8156.737526800271,