{
    "name": "root",
    "metadata": {
        "timer_format_version": "0.1.0",
        "start_time_seconds": "1686314738",
        "python_version": "3.8.16 (default, Mar  2 2023, 03:18:16) [MSC v.1916 64 bit (AMD64)]",
        "command_line_arguments": "C:\\Users\\asuca\\anaconda3\\envs\\unity38\\Scripts\\mlagents-learn config\\ppo\\Soccer.yaml --force --run-id=ContactedBall --initialize-from Parametros --no-graphics",
        "mlagents_version": "0.30.0",
        "mlagents_envs_version": "0.30.0",
        "communication_protocol_version": "1.5.0",
        "pytorch_version": "1.7.1+cu110",
        "numpy_version": "1.23.5",
        "end_time_seconds": "1686314873"
    },
    "total": 135.2082824,
    "count": 1,
    "self": 0.006632500000023356,
    "children": {
        "run_training.setup": {
            "total": 0.0888599000000001,
            "count": 1,
            "self": 0.0888599000000001
        },
        "TrainerController.start_learning": {
            "total": 135.11279,
            "count": 1,
            "self": 0.03844339999986346,
            "children": {
                "TrainerController._reset_env": {
                    "total": 7.0493953999999945,
                    "count": 2,
                    "self": 7.0493953999999945
                },
                "TrainerController.advance": {
                    "total": 127.61849790000011,
                    "count": 1950,
                    "self": 0.0389477000000511,
                    "children": {
                        "env_step": {
                            "total": 121.54104550000002,
                            "count": 1950,
                            "self": 107.89279900000007,
                            "children": {
                                "SubprocessEnvManager._take_step": {
                                    "total": 13.62329990000008,
                                    "count": 1950,
                                    "self": 0.18888170000024118,
                                    "children": {
                                        "TorchPolicy.evaluate": {
                                            "total": 13.434418199999838,
                                            "count": 3898,
                                            "self": 13.434418199999838
                                        }
                                    }
                                },
                                "workers": {
                                    "total": 0.024946599999880803,
                                    "count": 1949,
                                    "self": 0.0,
                                    "children": {
                                        "worker_root": {
                                            "total": 71.01960260000043,
                                            "count": 1949,
                                            "is_parallel": true,
                                            "self": 26.302448000000545,
                                            "children": {
                                                "steps_from_proto": {
                                                    "total": 0.002598300000009157,
                                                    "count": 4,
                                                    "is_parallel": true,
                                                    "self": 0.0006536999999715576,
                                                    "children": {
                                                        "_process_rank_one_or_two_observation": {
                                                            "total": 0.0019446000000375996,
                                                            "count": 24,
                                                            "is_parallel": true,
                                                            "self": 0.0019446000000375996
                                                        }
                                                    }
                                                },
                                                "UnityEnvironment.step": {
                                                    "total": 44.71455629999987,
                                                    "count": 1949,
                                                    "is_parallel": true,
                                                    "self": 0.6195966999994127,
                                                    "children": {
                                                        "UnityEnvironment._generate_step_input": {
                                                            "total": 0.35937700000009354,
                                                            "count": 1949,
                                                            "is_parallel": true,
                                                            "self": 0.35937700000009354
                                                        },
                                                        "communicator.exchange": {
                                                            "total": 41.41201900000023,
                                                            "count": 1949,
                                                            "is_parallel": true,
                                                            "self": 41.41201900000023
                                                        },
                                                        "steps_from_proto": {
                                                            "total": 2.3235636000001367,
                                                            "count": 3898,
                                                            "is_parallel": true,
                                                            "self": 0.5858157000003521,
                                                            "children": {
                                                                "_process_rank_one_or_two_observation": {
                                                                    "total": 1.7377478999997846,
                                                                    "count": 23388,
                                                                    "is_parallel": true,
                                                                    "self": 1.7377478999997846
                                                                }
                                                            }
                                                        }
                                                    }
                                                }
                                            }
                                        }
                                    }
                                }
                            }
                        },
                        "trainer_advance": {
                            "total": 6.038504700000031,
                            "count": 1949,
                            "self": 0.13526300000004632,
                            "children": {
                                "process_trajectory": {
                                    "total": 5.903241699999985,
                                    "count": 1949,
                                    "self": 5.903241699999985
                                }
                            }
                        }
                    }
                },
                "trainer_threads": {
                    "total": 1.1000000199601345e-06,
                    "count": 1,
                    "self": 1.1000000199601345e-06
                },
                "TrainerController._save_models": {
                    "total": 0.4064521999999897,
                    "count": 1,
                    "self": 0.0466370999999981,