{
    "name": "root",
    "metadata": {
        "timer_format_version": "0.1.0",
        "start_time_seconds": "1686410086",
        "python_version": "3.8.16 (default, Mar  2 2023, 03:18:16) [MSC v.1916 64 bit (AMD64)]",
        "command_line_arguments": "C:\\Users\\asuca\\anaconda3\\envs\\unity38\\Scripts\\mlagents-learn config\\ppo\\Soccer.yaml --force --run-id=41",
        "mlagents_version": "0.30.0",
        "mlagents_envs_version": "0.30.0",
        "communication_protocol_version": "1.5.0",
        "pytorch_version": "1.7.1+cu110",
        "numpy_version": "1.23.5",
        "end_time_seconds": "1686410164"
    },
    "total": 78.3730004,
    "count": 1,
    "self": 0.006471599999997579,
    "children": {
        "run_training.setup": {
            "total": 0.0884733000000002,
            "count": 1,
            "self": 0.0884733000000002
        },
        "TrainerController.start_learning": {
            "total": 78.2780555,
            "count": 1,
            "self": 0.00748479999998608,
            "children": {
                "TrainerController._reset_env": {
                    "total": 9.086896,
                    "count": 1,
                    "self": 9.086896
                },
                "TrainerController.advance": {
                    "total": 68.97565420000001,
                    "count": 384,
                    "self": 0.006704100000007429,
                    "children": {
                        "env_step": {
                            "total": 68.82985930000001,
                            "count": 384,
                            "self": 67.34113439999999,
                            "children": {
                                "SubprocessEnvManager._take_step": {
                                    "total": 1.4843603000000236,
                                    "count": 384,
                                    "self": 0.018057100000040904,
                                    "children": {
                                        "TorchPolicy.evaluate": {
                                            "total": 1.4663031999999827,
                                            "count": 384,
                                            "self": 1.4663031999999827
                                        }
                                    }
                                },
                                "workers": {
                                    "total": 0.004364599999991725,
                                    "count": 383,
                                    "self": 0.0,
                                    "children": {
                                        "worker_root": {
                                            "total": 12.396723699999981,
                                            "count": 383,
                                            "is_parallel": true,
                                            "self": 6.897625699999994,
                                            "children": {
                                                "steps_from_proto": {
                                                    "total": 0.0005693000000004389,
                                                    "count": 1,
                                                    "is_parallel": true,
                                                    "self": 0.00023440000000185535,
                                                    "children": {
                                                        "_process_rank_one_or_two_observation": {
                                                            "total": 0.00033489999999858355,
                                                            "count": 6,
                                                            "is_parallel": true,
                                                            "self": 0.00033489999999858355
                                                        }
                                                    }
                                                },
                                                "UnityEnvironment.step": {
                                                    "total": 5.498528699999987,
                                                    "count": 383,
                                                    "is_parallel": true,
                                                    "self": 0.04376869999998512,
                                                    "children": {
                                                        "UnityEnvironment._generate_step_input": {
                                                            "total": 0.024758999999983544,
                                                            "count": 383,
                                                            "is_parallel": true,
                                                            "self": 0.024758999999983544
                                                        },
                                                        "communicator.exchange": {
                                                            "total": 5.268281300000014,
                                                            "count": 383,
                                                            "is_parallel": true,
                                                            "self": 5.268281300000014
                                                        },
                                                        "steps_from_proto": {
                                                            "total": 0.16171970000000435,
                                                            "count": 383,
                                                            "is_parallel": true,
                                                            "self": 0.06086760000002123,
                                                            "children": {
                                                                "_process_rank_one_or_two_observation": {
                                                                    "total": 0.10085209999998312,
                                                                    "count": 2298,
                                                                    "is_parallel": true,
                                                                    "self": 0.10085209999998312
                                                                }
                                                            }
                                                        }
                                                    }
                                                }
                                            }
                                        }
                                    }
                                }
                            }
                        },
                        "trainer_advance": {
                            "total": 0.13909079999998575,
                            "count": 383,
                            "self": 0.017180100000011578,
                            "children": {
                                "process_trajectory": {
                                    "total": 0.12191069999997417,
                                    "count": 383,
                                    "self": 0.12191069999997417
                                }
                            }
                        }
                    }
                },
                "TrainerController._save_models": {
                    "total": 0.2080205000000035,
                    "count": 1,
                    "self": 0.007550500000007787,
                    "children": {
                        "RLTrainer._checkpoint": {
                            "total": 0.2004699999999957,
                            "count": 1,