{
    "name": "root",
    "gauges": {
        "SoccerTwos.Policy.Entropy.mean": {
            "value": 2.4500880241394043,
            "min": 2.3259592056274414,
            "max": 2.620861291885376,
            "count": 199
        },
        "SoccerTwos.Policy.Entropy.sum": {
            "value": 105373.3828125,
            "min": 88564.03125,
            "max": 125499.1328125,
            "count": 199
        },
        "SoccerTwos.Step.mean": {
            "value": 3979950.0,
            "min": 19962.0,
            "max": 3979950.0,
            "count": 199
        },
        "SoccerTwos.Step.sum": {
            "value": 3979950.0,
            "min": 19962.0,
            "max": 3979950.0,
            "count": 199
        },
        "SoccerTwos.Policy.ExtrinsicBaselineEstimate.mean": {
            "value": -218.39920043945312,
            "min": -265.4397888183594,
            "max": -142.88253784179688,
            "count": 199
        },
        "SoccerTwos.Policy.ExtrinsicBaselineEstimate.sum": {
            "value": -71853.3359375,
            "min": -88656.890625,
            "max": -48713.4453125,
            "count": 199
        },
        "SoccerTwos.Policy.ExtrinsicValueEstimate.mean": {
            "value": -220.622314453125,
            "min": -280.0702819824219,
            "max": -137.06777954101562,
            "count": 199
        },
        "SoccerTwos.Policy.ExtrinsicValueEstimate.sum": {
            "value": -72584.7421875,
            "min": -93256.109375,
            "max": -48783.19140625,
            "count": 199
        },
        "SoccerTwos.Environment.EpisodeLength.mean": {
            "value": 107.5,
            "min": 52.333333333333336,
            "max": 217.5,
            "count": 199
        },
        "SoccerTwos.Environment.EpisodeLength.sum": {
            "value": 7740.0,
            "min": 3192.0,
            "max": 21696.0,
            "count": 199
        },
        "SoccerTwos.Self-play.ELO.mean": {
            "value": 856.6254323575549,
            "min": 856.6254323575549,
            "max": 1198.2710225118146,
            "count": 199
        },
        "SoccerTwos.Self-play.ELO.sum": {
            "value": 20559.01037658132,
            "min": 5616.999762255107,
            "max": 91548.93804633158,
            "count": 199
        },
        "SoccerTwos.Environment.CumulativeReward.mean": {
            "value": -23.47762852244907,
            "min": -289.27486538887024,
            "max": 2.4743830031227496,
            "count": 199
        },
        "SoccerTwos.Environment.CumulativeReward.sum": {
            "value": -845.1946268081665,
            "min": -8912.102561712265,
            "max": 103.92408613115549,
            "count": 199
        },
        "SoccerTwos.Policy.ExtrinsicReward.mean": {
            "value": -139.1280753877428,
            "min": -1733.6492245992024,
            "max": 15.769216641074134,
            "count": 199
        },
        "SoccerTwos.Policy.ExtrinsicReward.sum": {
            "value": -5008.61071395874,
            "min": -53353.87889844179,
            "max": 662.3070989251137,
            "count": 199
        },
        "SoccerTwos.Environment.GroupCumulativeReward.mean": {
            "value": 1.7376999855041504,
            "min": -0.6180499941110611,
            "max": 3.9219714275428226,
            "count": 199
        },
        "SoccerTwos.Environment.GroupCumulativeReward.sum": {
            "value": 62.557199478149414,
            "min": -19.81439995765686,
            "max": 164.72279995679855,
            "count": 199
        },
        "SoccerTwos.IsTraining.mean": {
            "value": 1.0,
            "min": 1.0,
            "max": 1.0,
            "count": 199
        },
        "SoccerTwos.IsTraining.sum": {
            "value": 1.0,
            "min": 1.0,
            "max": 1.0,
            "count": 199
        },
        "SoccerTwos.Losses.PolicyLoss.mean": {
            "value": 0.015587353585336436,
            "min": 0.014159958797891805,
            "max": 0.023952684036986385,
            "count": 156
        },
        "SoccerTwos.Losses.PolicyLoss.sum": {
            "value": 0.015587353585336436,
            "min": 0.014159958797891805,
            "max": 0.023952684036986385,
            "count": 156
        },
        "SoccerTwos.Losses.ValueLoss.mean": {
            "value": 2322.8510301378037,
            "min": 1305.1127675374348,
            "max": 7441.296474880643,
            "count": 156
        },
        "SoccerTwos.Losses.ValueLoss.sum": {
            "value": 2322.8510301378037,
            "min": 1305.1127675374348,
            "max": 7441.296474880643,
            "count": 156
        },
        "SoccerTwos.Losses.BaselineLoss.mean": {
            "value": 3699.8573472764756,
            "min": 1710.0416395399307,
            "max": 19214.229166666668,
            "count": 156
        },
        "SoccerTwos.Losses.BaselineLoss.sum": {
            "value": 3699.8573472764756,
            "min": 1710.0416395399307,
            "max": 19214.229166666668,
            "count": 156
        },
        "SoccerTwos.Policy.LearningRate.mean": {
            "value": 0.0003,
            "min": 0.0003,
            "max": 0.0003,
            "count": 156
        },
        "SoccerTwos.Policy.LearningRate.sum": {
            "value": 0.0003,
            "min": 0.0003,
            "max": 0.0003,
            "count": 156
        },
        "SoccerTwos.Policy.Epsilon.mean": {
            "value": 0.20000000000000004,
            "min": 0.20000000000000004,
            "max": 0.20000000000000004,
            "count": 156
        },
        "SoccerTwos.Policy.Epsilon.sum": {
            "value": 0.20000000000000004,
            "min": 0.20000000000000004,
            "max": 0.20000000000000004,
            "count": 156
        },
        "SoccerTwos.Policy.Beta.mean": {
            "value": 0.005000000000000001,
            "min": 0.005000000000000001,
            "max": 0.005000000000000001,
            "count": 156
        },
        "SoccerTwos.Policy.Beta.sum": {
            "value": 0.005000000000000001,
            "min": 0.005000000000000001,
            "max": 0.005000000000000001,
            "count": 156
        }
    },
    "metadata": {
        "timer_format_version": "0.1.0",
        "start_time_seconds": "1685384347",
        "python_version": "3.8.16 (default, Mar  2 2023, 03:18:16) [MSC v.1916 64 bit (AMD64)]",
        "command_line_arguments": "C:\\Users\\asuca\\anaconda3\\envs\\unity38\\Scripts\\mlagents-learn config\\ppo\\Soccer.yaml --force --run-id=GolEnContra --initialize-from TrabajoPases",
        "mlagents_version": "0.30.0",
        "mlagents_envs_version": "0.30.0",
        "communication_protocol_version": "1.5.0",
        "pytorch_version": "1.7.1+cu110",
        "numpy_version": "1.23.5",
        "end_time_seconds": "1685398892"
    },
    "total": 14544.1303501,
    "count": 1,
    "self": 0.008051500000874512,
    "children": {
        "run_training.setup": {
            "total": 0.09318439999999995,
            "count": 1,
            "self": 0.09318439999999995
        },
        "TrainerController.start_learning": {
            "total": 14544.029114199999,
            "count": 1,
            "self": 1.998851200005447,
            "children": {
                "TrainerController._reset_env": {
                    "total": 21.94028149999466,
                    "count": 364,
                    "self": 21.94028149999466
                },
                "TrainerController.advance": {
                    "total": 14519.7678985,
                    "count": 92718,
                    "self": 2.0433514000797004,
                    "children": {
                        "env_step": {
                            "total": 4932.62620600011,
                            "count": 92718,
                            "self": 4296.488373699794,