{
    "name": "root",
    "gauges": {
        "SoccerTwos.Policy.Entropy.mean": {
            "value": 1.7638649940490723,
            "min": 1.6607825756072998,
            "max": 2.1628482341766357,
            "count": 319
        },
        "SoccerTwos.Policy.Entropy.sum": {
            "value": 79007.0390625,
            "min": 21908.1875,
            "max": 97047.84375,
            "count": 319
        },
        "SoccerTwos.Step.mean": {
            "value": 12779962.0,
            "min": 6419998.0,
            "max": 12779962.0,
            "count": 319
        },
        "SoccerTwos.Step.sum": {
            "value": 12779962.0,
            "min": 6419998.0,
            "max": 12779962.0,
            "count": 319
        },
        "SoccerTwos.Policy.ExtrinsicBaselineEstimate.mean": {
            "value": 447.1766052246094,
            "min": 221.0791015625,
            "max": 600.5750732421875,
            "count": 319
        },
        "SoccerTwos.Policy.ExtrinsicBaselineEstimate.sum": {
            "value": 146226.75,
            "min": 12814.2041015625,
            "max": 192184.03125,
            "count": 319
        },
        "SoccerTwos.Policy.ExtrinsicValueEstimate.mean": {
            "value": 456.6972961425781,
            "min": 214.29103088378906,
            "max": 593.6673583984375,
            "count": 319
        },
        "SoccerTwos.Policy.ExtrinsicValueEstimate.sum": {
            "value": 149340.015625,
            "min": 13265.18359375,
            "max": 189973.546875,
            "count": 319
        },
        "SoccerTwos.IsTraining.mean": {
            "value": 1.0,
            "min": 1.0,
            "max": 1.0,
            "count": 319
        },
        "SoccerTwos.IsTraining.sum": {
            "value": 1.0,
            "min": 1.0,
            "max": 1.0,
            "count": 319
        },
        "SoccerTwos.Environment.EpisodeLength.mean": {
            "value": 98.0,
            "min": 11.5,
            "max": 230.0,
            "count": 317
        },
        "SoccerTwos.Environment.EpisodeLength.sum": {
            "value": 6468.0,
            "min": 253.0,
            "max": 18788.0,
            "count": 317
        },
        "SoccerTwos.Self-play.ELO.mean": {
            "value": 1248.16164814213,
            "min": 1230.8896598966235,
            "max": 1304.5131830612092,
            "count": 300
        },
        "SoccerTwos.Self-play.ELO.sum": {
            "value": 21218.74801841621,
            "min": 6181.80048106478,
            "max": 67956.70069517281,
            "count": 300
        },
        "SoccerTwos.Environment.CumulativeReward.mean": {
            "value": 117.2461975970689,
            "min": -128.22565525228327,
            "max": 266.7007088100209,
            "count": 317
        },
        "SoccerTwos.Environment.CumulativeReward.sum": {
            "value": 3986.3707183003426,
            "min": -1410.482207775116,
            "max": 8542.206355571747,
            "count": 317
        },
        "SoccerTwos.Policy.ExtrinsicReward.mean": {
            "value": 691.1026382446289,
            "min": -721.818866556341,
            "max": 1579.0862415538115,
            "count": 317
        },
        "SoccerTwos.Policy.ExtrinsicReward.sum": {
            "value": 23497.489700317383,
            "min": -8006.724151611328,
            "max": 50981.265979766846,
            "count": 317
        },
        "SoccerTwos.Environment.GroupCumulativeReward.mean": {
            "value": 0.33430588245391846,
            "min": -0.5,
            "max": 3.381551540259159,
            "count": 317
        },
        "SoccerTwos.Environment.GroupCumulativeReward.sum": {
            "value": 11.366400003433228,
            "min": -12.0,
            "max": 126.75,
            "count": 317
        },
        "SoccerTwos.Losses.PolicyLoss.mean": {
            "value": 0.020258525389686435,
            "min": 0.015210352627845068,
            "max": 0.025523762218654156,
            "count": 250
        },
        "SoccerTwos.Losses.PolicyLoss.sum": {
            "value": 0.020258525389686435,
            "min": 0.015210352627845068,
            "max": 0.025523762218654156,
            "count": 250
        },
        "SoccerTwos.Losses.ValueLoss.mean": {
            "value": 4432.379055447049,
            "min": 3278.9192165798613,
            "max": 10305.855238172742,
            "count": 250
        },
        "SoccerTwos.Losses.ValueLoss.sum": {
            "value": 4432.379055447049,
            "min": 3278.9192165798613,
            "max": 10305.855238172742,
            "count": 250
        },
        "SoccerTwos.Losses.BaselineLoss.mean": {
            "value": 7928.077284071181,
            "min": 5570.746907552083,
            "max": 26336.97683376736,
            "count": 250
        },
        "SoccerTwos.Losses.BaselineLoss.sum": {
            "value": 7928.077284071181,
            "min": 5570.746907552083,
            "max": 26336.97683376736,
            "count": 250
        },
        "SoccerTwos.Policy.LearningRate.mean": {
            "value": 0.0003,
            "min": 0.0003,
            "max": 0.0003,
            "count": 250
        },
        "SoccerTwos.Policy.LearningRate.sum": {
            "value": 0.0003,
            "min": 0.0003,
            "max": 0.0003,
            "count": 250
        },
        "SoccerTwos.Policy.Epsilon.mean": {
            "value": 0.20000000000000004,
            "min": 0.20000000000000004,
            "max": 0.20000000000000004,
            "count": 250
        },
        "SoccerTwos.Policy.Epsilon.sum": {
            "value": 0.20000000000000004,
            "min": 0.20000000000000004,
            "max": 0.20000000000000004,
            "count": 250
        },
        "SoccerTwos.Policy.Beta.mean": {
            "value": 0.005000000000000001,
            "min": 0.005000000000000001,
            "max": 0.005000000000000001,
            "count": 250
        },
        "SoccerTwos.Policy.Beta.sum": {
            "value": 0.005000000000000001,
            "min": 0.005000000000000001,
            "max": 0.005000000000000001,
            "count": 250
        }
    },
    "metadata": {
        "timer_format_version": "0.1.0",
        "start_time_seconds": "1685904271",
        "python_version": "3.8.16 (default, Mar  2 2023, 03:18:16) [MSC v.1916 64 bit (AMD64)]",
        "command_line_arguments": "C:\\Users\\asuca\\anaconda3\\envs\\unity38\\Scripts\\mlagents-learn config\\ppo\\Soccer.yaml --resume --run-id=ExistencialArquero --initialize-from Last",
        "mlagents_version": "0.30.0",
        "mlagents_envs_version": "0.30.0",
        "communication_protocol_version": "1.5.0",
        "pytorch_version": "1.7.1+cu110",
        "numpy_version": "1.23.5",
        "end_time_seconds": "1685919421"
    },
    "total": 15150.119606400001,
    "count": 1,
    "self": 0.006470300002547447,
    "children": {
        "run_training.setup": {
            "total": 0.0959489,
            "count": 1,
            "self": 0.0959489
        },
        "TrainerController.start_learning": {
            "total": 15150.0171872,
            "count": 1,
            "self": 3.338715699948807,
            "children": {
                "TrainerController._reset_env": {
                    "total": 29.979761799995305,
                    "count": 591,
                    "self": 29.979761799995305
                },
                "TrainerController.advance": {
                    "total": 15116.394040700055,
                    "count": 156158,
                    "self": 3.4380262996492092,
                    "children": {
                        "env_step": {
                            "total": 8376.0594681002,
                            "count": 156158,
                            "self": 7288.432727600352,