{
    "name": "root",
    "gauges": {
        "SoccerTwos.Policy.Entropy.mean": {
            "value": 3.295759916305542,
            "min": 3.2957563400268555,
            "max": 3.295762777328491,
            "count": 33
        },
        "SoccerTwos.Policy.Entropy.sum": {
            "value": 145013.4375,
            "min": 119490.9765625,
            "max": 145557.21875,
            "count": 33
        },
        "SoccerTwos.Step.mean": {
            "value": 659968.0,
            "min": 19984.0,
            "max": 659968.0,
            "count": 33
        },
        "SoccerTwos.Step.sum": {
            "value": 659968.0,
            "min": 19984.0,
            "max": 659968.0,
            "count": 33
        },
        "SoccerTwos.Policy.ExtrinsicBaselineEstimate.mean": {
            "value": 0.04736975580453873,
            "min": 0.04736644774675369,
            "max": 0.0710560753941536,
            "count": 33
        },
        "SoccerTwos.Policy.ExtrinsicBaselineEstimate.sum": {
            "value": 15.158321380615234,
            "min": 15.15726375579834,
            "max": 22.878421783447266,
            "count": 33
        },
        "SoccerTwos.Policy.ExtrinsicValueEstimate.mean": {
            "value": 0.04743543267250061,
            "min": 0.047429103404283524,
            "max": 0.07112839072942734,
            "count": 33
        },
        "SoccerTwos.Policy.ExtrinsicValueEstimate.sum": {
            "value": 15.179338455200195,
            "min": 15.178997039794922,
            "max": 22.90223503112793,
            "count": 33
        },
        "SoccerTwos.Environment.EpisodeLength.mean": {
            "value": 999.0,
            "min": 774.75,
            "max": 999.0,
            "count": 33
        },
        "SoccerTwos.Environment.EpisodeLength.sum": {
            "value": 43956.0,
            "min": 28941.0,
            "max": 51150.0,
            "count": 33
        },
        "SoccerTwos.Environment.CumulativeReward.mean": {
            "value": -34.287497628480196,
            "min": -37.83055301176177,
            "max": -27.097498244047166,
            "count": 33
        },
        "SoccerTwos.Environment.CumulativeReward.sum": {
            "value": -685.7499525696039,
            "min": -903.3499398827553,
            "max": -537.2299616616219,
            "count": 33
        },
        "SoccerTwos.Policy.ExtrinsicReward.mean": {
            "value": -171.4374888420105,
            "min": -226.98331832885742,
            "max": -135.48749220371246,
            "count": 33
        },
        "SoccerTwos.Policy.ExtrinsicReward.sum": {
            "value": -3428.74977684021,
            "min": -5420.099653244019,
            "max": -2709.7498440742493,
            "count": 33
        },
        "SoccerTwos.Environment.GroupCumulativeReward.mean": {
            "value": 0.0,
            "min": -0.3157894736842105,
            "max": 0.14630000293254852,
            "count": 33
        },
        "SoccerTwos.Environment.GroupCumulativeReward.sum": {
            "value": 0.0,
            "min": -6.0,
            "max": 2.9260000586509705,
            "count": 33
        },
        "SoccerTwos.IsTraining.mean": {
            "value": 1.0,
            "min": 1.0,
            "max": 1.0,
            "count": 33
        },
        "SoccerTwos.IsTraining.sum": {
            "value": 1.0,
            "min": 1.0,
            "max": 1.0,
            "count": 33
        },
        "SoccerTwos.Self-play.ELO.mean": {
            "value": 1200.0,
            "min": 1200.0,
            "max": 1200.0,
            "count": 8
        },
        "SoccerTwos.Self-play.ELO.sum": {
            "value": 7200.0,
            "min": 6000.0,
            "max": 7200.0,
            "count": 8
        }
    },
    "metadata": {
        "timer_format_version": "0.1.0",
        "start_time_seconds": "1684717764",
        "python_version": "3.8.16 (default, Mar  2 2023, 03:18:16) [MSC v.1916 64 bit (AMD64)]",
        "command_line_arguments": "C:\\Users\\asuca\\anaconda3\\envs\\unity38\\Scripts\\mlagents-learn config\\ppo\\Soccer.yaml --force --run-id=DomingoIter4 --initialize-from DomingoIter4",
        "mlagents_version": "0.30.0",
        "mlagents_envs_version": "0.30.0",
        "communication_protocol_version": "1.5.0",
        "pytorch_version": "1.7.1+cu110",
        "numpy_version": "1.21.2",
        "end_time_seconds": "1684721707"
    },
    "total": 3942.5008475,
    "count": 1,
    "self": 0.006675999999970372,
    "children": {
        "run_training.setup": {
            "total": 0.08726640000000008,
            "count": 1,
            "self": 0.08726640000000008
        },
        "TrainerController.start_learning": {
            "total": 3942.4069051,
            "count": 1,
            "self": 2.4637649000219426,
            "children": {
                "TrainerController._reset_env": {
                    "total": 4.9962024999999715,
                    "count": 4,
                    "self": 4.9962024999999715
                },
                "TrainerController.advance": {
                    "total": 3934.765343999978,
                    "count": 120150,
                    "self": 2.5580947999837917,
                    "children": {
                        "env_step": {
                            "total": 3564.5334803999467,
                            "count": 120150,
                            "self": 2420.9091369,
                            "children": {
                                "SubprocessEnvManager._take_step": {
                                    "total": 1141.9090843999825,
                                    "count": 120150,
                                    "self": 14.12484529992662,
                                    "children": {
                                        "TorchPolicy.evaluate": {
                                            "total": 1127.7842391000559,
                                            "count": 240144,
                                            "self": 1127.7842391000559
                                        }
                                    }
                                },
                                "workers": {
                                    "total": 1.7152590999644994,
                                    "count": 120149,
                                    "self": 0.0,
                                    "children": {
                                        "worker_root": {
                                            "total": 3935.0509804000594,
                                            "count": 120149,
                                            "is_parallel": true,
                                            "self": 1704.6423037000845,
                                            "children": {
                                                "steps_from_proto": {
                                                    "total": 0.0044557000007325875,
                                                    "count": 8,
                                                    "is_parallel": true,
                                                    "self": 0.0012420000003907639,
                                                    "children": {
                                                        "_process_rank_one_or_two_observation": {
                                                            "total": 0.0032137000003418237,
                                                            "count": 32,
                                                            "is_parallel": true,
                                                            "self": 0.0032137000003418237
                                                        }
                                                    }
                                                },