{
    "name": "root",
    "gauges": {
        "SoccerTwos.Policy.Entropy.mean": {
            "value": 2.702033519744873,
            "min": 2.1162431240081787,
            "max": 2.9692165851593018,
            "count": 314
        },
        "SoccerTwos.Policy.Entropy.sum": {
            "value": 114133.8984375,
            "min": 71512.0859375,
            "max": 140742.421875,
            "count": 314
        },
        "SoccerTwos.Step.mean": {
            "value": 6279990.0,
            "min": 19968.0,
            "max": 6279990.0,
            "count": 314
        },
        "SoccerTwos.Step.sum": {
            "value": 6279990.0,
            "min": 19968.0,
            "max": 6279990.0,
            "count": 314
        },
        "SoccerTwos.Policy.ExtrinsicBaselineEstimate.mean": {
            "value": 1.4389108419418335,
            "min": -0.44481128454208374,
            "max": 1.9297138452529907,
            "count": 314
        },
        "SoccerTwos.Policy.ExtrinsicBaselineEstimate.sum": {
            "value": 509.37445068359375,
            "min": -146.09896850585938,
            "max": 721.6873779296875,
            "count": 314
        },
        "SoccerTwos.Policy.ExtrinsicValueEstimate.mean": {
            "value": 1.3310285806655884,
            "min": -0.4592919647693634,
            "max": 2.015342950820923,
            "count": 314
        },
        "SoccerTwos.Policy.ExtrinsicValueEstimate.sum": {
            "value": 471.1841125488281,
            "min": -154.78138732910156,
            "max": 739.630859375,
            "count": 314
        },
        "SoccerTwos.IsTraining.mean": {
            "value": 1.0,
            "min": 1.0,
            "max": 1.0,
            "count": 314
        },
        "SoccerTwos.IsTraining.sum": {
            "value": 1.0,
            "min": 1.0,
            "max": 1.0,
            "count": 314
        },
        "SoccerTwos.Losses.PolicyLoss.mean": {
            "value": 0.01974113167832709,
            "min": 0.012082883713540072,
            "max": 0.02373528841578971,
            "count": 243
        },
        "SoccerTwos.Losses.PolicyLoss.sum": {
            "value": 0.01974113167832709,
            "min": 0.012082883713540072,
            "max": 0.02373528841578971,
            "count": 243
        },
        "SoccerTwos.Losses.ValueLoss.mean": {
            "value": 0.5698207252555423,
            "min": 0.012833278581854842,
            "max": 1.0919422407944996,
            "count": 243
        },
        "SoccerTwos.Losses.ValueLoss.sum": {
            "value": 0.5698207252555423,
            "min": 0.012833278581854842,
            "max": 1.0919422407944996,
            "count": 243
        },
        "SoccerTwos.Losses.BaselineLoss.mean": {
            "value": 0.7460277577241262,
            "min": 0.013257901428178662,
            "max": 1.7239122357633379,
            "count": 243
        },
        "SoccerTwos.Losses.BaselineLoss.sum": {
            "value": 0.7460277577241262,
            "min": 0.013257901428178662,
            "max": 1.7239122357633379,
            "count": 243
        },
        "SoccerTwos.Policy.LearningRate.mean": {
            "value": 0.0003,
            "min": 0.0003,
            "max": 0.0003,
            "count": 243
        },
        "SoccerTwos.Policy.LearningRate.sum": {
            "value": 0.0003,
            "min": 0.0003,
            "max": 0.0003,
            "count": 243
        },
        "SoccerTwos.Policy.Epsilon.mean": {
            "value": 0.20000000000000004,
            "min": 0.19999999999999996,
            "max": 0.20000000000000004,
            "count": 243
        },
        "SoccerTwos.Policy.Epsilon.sum": {
            "value": 0.20000000000000004,
            "min": 0.19999999999999996,
            "max": 0.20000000000000004,
            "count": 243
        },
        "SoccerTwos.Policy.Beta.mean": {
            "value": 0.005000000000000001,
            "min": 0.005,
            "max": 0.005000000000000001,
            "count": 243
        },
        "SoccerTwos.Policy.Beta.sum": {
            "value": 0.005000000000000001,
            "min": 0.005,
            "max": 0.005000000000000001,
            "count": 243
        },
        "SoccerTwos.Environment.EpisodeLength.mean": {
            "value": 78.38461538461539,
            "min": 31.0,
            "max": 180.0,
            "count": 313
        },
        "SoccerTwos.Environment.EpisodeLength.sum": {
            "value": 12228.0,
            "min": 1056.0,
            "max": 24984.0,
            "count": 313
        },
        "SoccerTwos.Self-play.ELO.mean": {
            "value": 1152.286746023338,
            "min": 1125.107520967077,
            "max": 1234.0857403528548,
            "count": 304
        },
        "SoccerTwos.Self-play.ELO.sum": {
            "value": 89878.36618982037,
            "min": 7016.18437974236,
            "max": 195119.01801319985,
            "count": 304
        },
        "SoccerTwos.Environment.CumulativeReward.mean": {
            "value": 0.5133385055232793,
            "min": -0.1476666613171498,
            "max": 0.9191866843107467,
            "count": 313
        },
        "SoccerTwos.Environment.CumulativeReward.sum": {
            "value": 40.040403430815786,
            "min": -4.487600075080991,
            "max": 82.9164034826681,
            "count": 313
        },
        "SoccerTwos.Policy.ExtrinsicReward.mean": {
            "value": 3.432245981616852,
            "min": -1.8860001593828202,
            "max": 5.441579739749431,
            "count": 313
        },
        "SoccerTwos.Policy.ExtrinsicReward.sum": {
            "value": 267.7151865661144,
            "min": -71.7144024670124,
            "max": 518.1615869402885,
            "count": 313
        },
        "SoccerTwos.Environment.GroupCumulativeReward.mean": {
            "value": 0.3522153886464926,
            "min": -1.0,
            "max": 0.524117648601532,
            "count": 313
        },
        "SoccerTwos.Environment.GroupCumulativeReward.sum": {
            "value": 27.472800314426422,
            "min": -70.58520023524761,
            "max": 53.46000015735626,
            "count": 313
        }
    },
    "metadata": {
        "timer_format_version": "0.1.0",
        "start_time_seconds": "1686608215",
        "python_version": "3.8.16 (default, Mar  2 2023, 03:18:16) [MSC v.1916 64 bit (AMD64)]",
        "command_line_arguments": "C:\\Users\\asuca\\anaconda3\\envs\\unity38\\Scripts\\mlagents-learn config\\ppo\\Soccer.yaml --force --run-id=desdeCero --no-graphics --time-scale 20",
        "mlagents_version": "0.30.0",
        "mlagents_envs_version": "0.30.0",
        "communication_protocol_version": "1.5.0",
        "pytorch_version": "1.7.1+cu110",
        "numpy_version": "1.23.5",
        "end_time_seconds": "1686622930"
    },
    "total": 14714.1868585,
    "count": 1,
    "self": 0.010023299999375013,
    "children": {
        "run_training.setup": {
            "total": 0.08898190000000006,
            "count": 1,
            "self": 0.08898190000000006
        },
        "TrainerController.start_learning": {
            "total": 14714.0878533,
            "count": 1,
            "self": 2.317480900183,
            "children": {
                "TrainerController._reset_env": {
                    "total": 46.20294350000812,
                    "count": 543,
                    "self": 46.20294350000812
                },
                "TrainerController.advance": {
                    "total": 14665.23627249981,
                    "count": 106646,
                    "self": 2.588126400089095,
                    "children": {
                        "env_step": {
                            "total": 6098.581052699731,
                            "count": 106646,
                            "self": 5176.029070799541,