{
    "name": "root",
    "gauges": {
        "SoccerTwos.Policy.Entropy.mean": {
            "value": 1.8100694417953491,
            "min": 1.6843101978302002,
            "max": 2.041332483291626,
            "count": 65
        },
        "SoccerTwos.Policy.Entropy.sum": {
            "value": 83082.1875,
            "min": 62211.68359375,
            "max": 88928.890625,
            "count": 65
        },
        "SoccerTwos.Step.mean": {
            "value": 1299948.0,
            "min": 19994.0,
            "max": 1299948.0,
            "count": 65
        },
        "SoccerTwos.Step.sum": {
            "value": 1299948.0,
            "min": 19994.0,
            "max": 1299948.0,
            "count": 65
        },
        "SoccerTwos.Policy.ExtrinsicBaselineEstimate.mean": {
            "value": 99.97061920166016,
            "min": 51.55609130859375,
            "max": 130.90406799316406,
            "count": 65
        },
        "SoccerTwos.Policy.ExtrinsicBaselineEstimate.sum": {
            "value": 33390.1875,
            "min": 16824.005859375,
            "max": 43329.24609375,
            "count": 65
        },
        "SoccerTwos.Policy.ExtrinsicValueEstimate.mean": {
            "value": 95.21615600585938,
            "min": 52.75871276855469,
            "max": 132.6286163330078,
            "count": 65
        },
        "SoccerTwos.Policy.ExtrinsicValueEstimate.sum": {
            "value": 31802.1953125,
            "min": 17756.974609375,
            "max": 43900.0703125,
            "count": 65
        },
        "SoccerTwos.Environment.EpisodeLength.mean": {
            "value": 103.0,
            "min": 21.333333333333332,
            "max": 141.25,
            "count": 65
        },
        "SoccerTwos.Environment.EpisodeLength.sum": {
            "value": 8652.0,
            "min": 324.0,
            "max": 11748.0,
            "count": 65
        },
        "SoccerTwos.Self-play.ELO.mean": {
            "value": 1211.1495124577953,
            "min": 1195.1896959893409,
            "max": 1234.3601347923777,
            "count": 63
        },
        "SoccerTwos.Self-play.ELO.sum": {
            "value": 36334.485373733856,
            "min": 7225.627629235631,
            "max": 71783.12214925016,
            "count": 63
        },
        "SoccerTwos.Environment.CumulativeReward.mean": {
            "value": 14.273310575456847,
            "min": -2.6280221276813083,
            "max": 31.98187944706943,
            "count": 65
        },
        "SoccerTwos.Environment.CumulativeReward.sum": {
            "value": 599.4790441691875,
            "min": -47.30439829826355,
            "max": 1205.1420606672764,
            "count": 65
        },
        "SoccerTwos.Policy.ExtrinsicReward.mean": {
            "value": 84.91289175372748,
            "min": -16.121800740559895,
            "max": 190.8912762535943,
            "count": 65
        },
        "SoccerTwos.Policy.ExtrinsicReward.sum": {
            "value": 3566.341453656554,
            "min": -290.1924133300781,
            "max": 7190.039103031158,
            "count": 65
        },
        "SoccerTwos.Environment.GroupCumulativeReward.mean": {
            "value": -0.7269714304379055,
            "min": -1.0,
            "max": 0.3311000019311905,
            "count": 65
        },
        "SoccerTwos.Environment.GroupCumulativeReward.sum": {
            "value": -30.53280007839203,
            "min": -54.0,
            "max": 11.919600069522858,
            "count": 65
        },
        "SoccerTwos.IsTraining.mean": {
            "value": 1.0,
            "min": 1.0,
            "max": 1.0,
            "count": 65
        },
        "SoccerTwos.IsTraining.sum": {
            "value": 1.0,
            "min": 1.0,
            "max": 1.0,
            "count": 65
        },
        "SoccerTwos.Losses.PolicyLoss.mean": {
            "value": 0.016512544312251683,
            "min": 0.0156680519412009,
            "max": 0.02516154789377768,
            "count": 49
        },
        "SoccerTwos.Losses.PolicyLoss.sum": {
            "value": 0.016512544312251683,
            "min": 0.0156680519412009,
            "max": 0.02516154789377768,
            "count": 49
        },
        "SoccerTwos.Losses.ValueLoss.mean": {
            "value": 164.77116511418268,
            "min": 96.63494481795874,
            "max": 272.9856223081931,
            "count": 49
        },
        "SoccerTwos.Losses.ValueLoss.sum": {
            "value": 164.77116511418268,
            "min": 96.63494481795874,
            "max": 272.9856223081931,
            "count": 49
        },
        "SoccerTwos.Losses.BaselineLoss.mean": {
            "value": 293.74200126452325,
            "min": 145.36936598557693,
            "max": 672.447260929988,
            "count": 49
        },
        "SoccerTwos.Losses.BaselineLoss.sum": {
            "value": 293.74200126452325,
            "min": 145.36936598557693,
            "max": 672.447260929988,
            "count": 49
        },
        "SoccerTwos.Policy.LearningRate.mean": {
            "value": 0.0003,
            "min": 0.0003,
            "max": 0.0003,
            "count": 49
        },
        "SoccerTwos.Policy.LearningRate.sum": {
            "value": 0.0003,
            "min": 0.0003,
            "max": 0.0003,
            "count": 49
        },
        "SoccerTwos.Policy.Epsilon.mean": {
            "value": 0.20000000000000004,
            "min": 0.20000000000000004,
            "max": 0.20000000000000004,
            "count": 49
        },
        "SoccerTwos.Policy.Epsilon.sum": {
            "value": 0.20000000000000004,
            "min": 0.20000000000000004,
            "max": 0.20000000000000004,
            "count": 49
        },
        "SoccerTwos.Policy.Beta.mean": {
            "value": 0.005000000000000001,
            "min": 0.005000000000000001,
            "max": 0.005000000000000001,
            "count": 49
        },
        "SoccerTwos.Policy.Beta.sum": {
            "value": 0.005000000000000001,
            "min": 0.005000000000000001,
            "max": 0.005000000000000001,
            "count": 49
        }
    },
    "metadata": {
        "timer_format_version": "0.1.0",
        "start_time_seconds": "1686308557",
        "python_version": "3.8.16 (default, Mar  2 2023, 03:18:16) [MSC v.1916 64 bit (AMD64)]",
        "command_line_arguments": "C:\\Users\\asuca\\anaconda3\\envs\\unity38\\Scripts\\mlagents-learn config\\ppo\\Soccer.yaml --force --run-id=Parametros --initialize-from PatearArco --no-graphics",
        "mlagents_version": "0.30.0",
        "mlagents_envs_version": "0.30.0",
        "communication_protocol_version": "1.5.0",
        "pytorch_version": "1.7.1+cu110",
        "numpy_version": "1.23.5",
        "end_time_seconds": "1686312158"
    },
    "total": 3600.7356542999996,
    "count": 1,
    "self": 0.006638199999542849,
    "children": {
        "run_training.setup": {
            "total": 0.08805019999999986,
            "count": 1,
            "self": 0.08805019999999986
        },
        "TrainerController.start_learning": {
            "total": 3600.6409659,
            "count": 1,
            "self": 0.5909384000315185,
            "children": {
                "TrainerController._reset_env": {
                    "total": 15.048113899997013,
                    "count": 128,
                    "self": 15.048113899997013
                },
                "TrainerController.advance": {
                    "total": 3584.6854335999715,
                    "count": 25830,
                    "self": 0.6976006000118105,
                    "children": {
                        "env_step": {
                            "total": 1618.6141879999632,
                            "count": 25830,
                            "self": 1415.7232099999685,