{
    "name": "root",
    "gauges": {
        "SoccerTwos.Policy.Entropy.mean": {
            "value": 1.7618602514266968,
            "min": 1.6752557754516602,
            "max": 2.005167245864868,
            "count": 377
        },
        "SoccerTwos.Policy.Entropy.sum": {
            "value": 83279.609375,
            "min": 60744.53125,
            "max": 102233.140625,
            "count": 377
        },
        "SoccerTwos.Environment.EpisodeLength.mean": {
            "value": 64.66666666666667,
            "min": 21.0,
            "max": 122.66666666666667,
            "count": 377
        },
        "SoccerTwos.Environment.EpisodeLength.sum": {
            "value": 4656.0,
            "min": 504.0,
            "max": 16104.0,
            "count": 377
        },
        "SoccerTwos.Self-play.ELO.mean": {
            "value": 879.2451998416242,
            "min": 874.8290564580597,
            "max": 1201.469017112032,
            "count": 376
        },
        "SoccerTwos.Self-play.ELO.sum": {
            "value": 15826.413597149236,
            "min": 5859.918879671898,
            "max": 95928.58770068879,
            "count": 376
        },
        "SoccerTwos.Step.mean": {
            "value": 7539938.0,
            "min": 19954.0,
            "max": 7539938.0,
            "count": 377
        },
        "SoccerTwos.Step.sum": {
            "value": 7539938.0,
            "min": 19954.0,
            "max": 7539938.0,
            "count": 377
        },
        "SoccerTwos.Policy.ExtrinsicBaselineEstimate.mean": {
            "value": 69.04148864746094,
            "min": 30.197433471679688,
            "max": 107.45983123779297,
            "count": 377
        },
        "SoccerTwos.Policy.ExtrinsicBaselineEstimate.sum": {
            "value": 23128.8984375,
            "min": 10176.53515625,
            "max": 34602.06640625,
            "count": 377
        },
        "SoccerTwos.Policy.ExtrinsicValueEstimate.mean": {
            "value": 70.2044906616211,
            "min": 28.48445701599121,
            "max": 110.6971664428711,
            "count": 377
        },
        "SoccerTwos.Policy.ExtrinsicValueEstimate.sum": {
            "value": 23518.50390625,
            "min": 9599.26171875,
            "max": 35644.48828125,
            "count": 377
        },
        "SoccerTwos.Environment.CumulativeReward.mean": {
            "value": 5.143022368351619,
            "min": -9.11257186248189,
            "max": 28.413351088762283,
            "count": 377
        },
        "SoccerTwos.Environment.CumulativeReward.sum": {
            "value": 185.14880526065826,
            "min": -382.72801822423935,
            "max": 1466.1890432685614,
            "count": 377
        },
        "SoccerTwos.Policy.ExtrinsicReward.mean": {
            "value": 30.404861864116455,
            "min": -54.7838967187064,
            "max": 171.13009915252528,
            "count": 377
        },
        "SoccerTwos.Policy.ExtrinsicReward.sum": {
            "value": 1094.5750271081924,
            "min": -2300.923662185669,
            "max": 8829.542538166046,
            "count": 377
        },
        "SoccerTwos.Environment.GroupCumulativeReward.mean": {
            "value": -0.4532666603724162,
            "min": -0.8750000099341074,
            "max": 1.4379200875759124,
            "count": 377
        },
        "SoccerTwos.Environment.GroupCumulativeReward.sum": {
            "value": -16.317599773406982,
            "min": -35.849999248981476,
            "max": 57.5168035030365,
            "count": 377
        },
        "SoccerTwos.IsTraining.mean": {
            "value": 1.0,
            "min": 1.0,
            "max": 1.0,
            "count": 377
        },
        "SoccerTwos.IsTraining.sum": {
            "value": 1.0,
            "min": 1.0,
            "max": 1.0,
            "count": 377
        },
        "SoccerTwos.Losses.PolicyLoss.mean": {
            "value": 0.017346571426969604,
            "min": 0.013963615971281089,
            "max": 0.024355142132359713,
            "count": 296
        },
        "SoccerTwos.Losses.PolicyLoss.sum": {
            "value": 0.017346571426969604,
            "min": 0.013963615971281089,
            "max": 0.024355142132359713,
            "count": 296
        },
        "SoccerTwos.Losses.ValueLoss.mean": {
            "value": 384.6697124905056,
            "min": 255.70886696709528,
            "max": 469.5103539360894,
            "count": 296
        },
        "SoccerTwos.Losses.ValueLoss.sum": {
            "value": 384.6697124905056,
            "min": 255.70886696709528,
            "max": 469.5103539360894,
            "count": 296
        },
        "SoccerTwos.Losses.BaselineLoss.mean": {
            "value": 600.9874979654948,
            "min": 413.93516625298395,
            "max": 860.4462127685547,
            "count": 296
        },
        "SoccerTwos.Losses.BaselineLoss.sum": {
            "value": 600.9874979654948,
            "min": 413.93516625298395,
            "max": 860.4462127685547,
            "count": 296
        },
        "SoccerTwos.Policy.LearningRate.mean": {
            "value": 0.0003,
            "min": 0.0003,
            "max": 0.0003,
            "count": 296
        },
        "SoccerTwos.Policy.LearningRate.sum": {
            "value": 0.0003,
            "min": 0.0003,
            "max": 0.0003,
            "count": 296
        },
        "SoccerTwos.Policy.Epsilon.mean": {
            "value": 0.20000000000000004,
            "min": 0.20000000000000004,
            "max": 0.20000000000000004,
            "count": 296
        },
        "SoccerTwos.Policy.Epsilon.sum": {
            "value": 0.20000000000000004,
            "min": 0.20000000000000004,
            "max": 0.20000000000000004,
            "count": 296
        },
        "SoccerTwos.Policy.Beta.mean": {
            "value": 0.005000000000000001,
            "min": 0.005000000000000001,
            "max": 0.005000000000000001,
            "count": 296
        },
        "SoccerTwos.Policy.Beta.sum": {
            "value": 0.005000000000000001,
            "min": 0.005000000000000001,
            "max": 0.005000000000000001,
            "count": 296
        }
    },
    "metadata": {
        "timer_format_version": "0.1.0",
        "start_time_seconds": "1686518801",
        "python_version": "3.8.16 (default, Mar  2 2023, 03:18:16) [MSC v.1916 64 bit (AMD64)]",
        "command_line_arguments": "C:\\Users\\asuca\\anaconda3\\envs\\unity38\\Scripts\\mlagents-learn config\\ppo\\Soccer.yaml --force --run-id=MidAndDefender --initialize-from FieldAndDefender --no-graphics --time-scale 20",
        "mlagents_version": "0.30.0",
        "mlagents_envs_version": "0.30.0",
        "communication_protocol_version": "1.5.0",
        "pytorch_version": "1.7.1+cu110",
        "numpy_version": "1.23.5",
        "end_time_seconds": "1686540121"
    },
    "total": 21320.1470994,
    "count": 1,
    "self": 0.006826500000897795,
    "children": {
        "run_training.setup": {
            "total": 0.08933600000000008,
            "count": 1,
            "self": 0.08933600000000008
        },
        "TrainerController.start_learning": {
            "total": 21320.0509369,
            "count": 1,
            "self": 2.850671600037458,
            "children": {
                "TrainerController._reset_env": {
                    "total": 61.11153739999461,
                    "count": 741,
                    "self": 61.11153739999461
                },
                "TrainerController.advance": {
                    "total": 21255.71374469997,
                    "count": 118550,
                    "self": 3.22488719978719,
                    "children": {
                        "env_step": {
                            "total": 8502.551242800087,
                            "count": 118550,
                            "self": 7159.73102280017,