{
    "name": "root",
    "gauges": {
        "SoccerTwos.Policy.Entropy.mean": {
            "value": 2.0104165077209473,
            "min": 1.9760273694992065,
            "max": 2.2485909461975098,
            "count": 311
        },
        "SoccerTwos.Policy.Entropy.sum": {
            "value": 80497.078125,
            "min": 70816.5703125,
            "max": 105667.234375,
            "count": 311
        },
        "SoccerTwos.Step.mean": {
            "value": 6219952.0,
            "min": 19945.0,
            "max": 6219952.0,
            "count": 311
        },
        "SoccerTwos.Step.sum": {
            "value": 6219952.0,
            "min": 19945.0,
            "max": 6219952.0,
            "count": 311
        },
        "SoccerTwos.Policy.ExtrinsicBaselineEstimate.mean": {
            "value": 255.4810028076172,
            "min": 143.32130432128906,
            "max": 895.3726196289062,
            "count": 311
        },
        "SoccerTwos.Policy.ExtrinsicBaselineEstimate.sum": {
            "value": 83542.2890625,
            "min": 46006.140625,
            "max": 282042.375,
            "count": 311
        },
        "SoccerTwos.Policy.ExtrinsicValueEstimate.mean": {
            "value": 254.54168701171875,
            "min": 131.19236755371094,
            "max": 896.5120239257812,
            "count": 311
        },
        "SoccerTwos.Policy.ExtrinsicValueEstimate.sum": {
            "value": 83235.1328125,
            "min": 42112.75,
            "max": 282401.28125,
            "count": 311
        },
        "SoccerTwos.Environment.EpisodeLength.mean": {
            "value": 79.8,
            "min": 19.25,
            "max": 207.8,
            "count": 311
        },
        "SoccerTwos.Environment.EpisodeLength.sum": {
            "value": 4389.0,
            "min": 429.0,
            "max": 14817.0,
            "count": 311
        },
        "SoccerTwos.Self-play.ELO.mean": {
            "value": 1254.1636838437737,
            "min": 1200.0,
            "max": 1255.7476939461158,
            "count": 284
        },
        "SoccerTwos.Self-play.ELO.sum": {
            "value": 15049.964206125283,
            "min": 6004.956972665528,
            "max": 52705.86499755615,
            "count": 284
        },
        "SoccerTwos.Environment.CumulativeReward.mean": {
            "value": 46.13340179835047,
            "min": -23.40614928217495,
            "max": 106.74231684207916,
            "count": 311
        },
        "SoccerTwos.Environment.CumulativeReward.sum": {
            "value": 1291.7352503538132,
            "min": -397.9045377969742,
            "max": 2931.9837513118982,
            "count": 311
        },
        "SoccerTwos.Policy.ExtrinsicReward.mean": {
            "value": 271.16486958095004,
            "min": -142.71091371424058,
            "max": 640.2039031982422,
            "count": 311
        },
        "SoccerTwos.Policy.ExtrinsicReward.sum": {
            "value": 7592.616348266602,
            "min": -2426.08553314209,
            "max": 16612.722582817078,
            "count": 311
        },
        "SoccerTwos.Environment.GroupCumulativeReward.mean": {
            "value": 0.429685720375606,
            "min": -0.7023809523809523,
            "max": 1.9988000392913818,
            "count": 311
        },
        "SoccerTwos.Environment.GroupCumulativeReward.sum": {
            "value": 12.031200170516968,
            "min": -17.5,
            "max": 48.53859996795654,
            "count": 311
        },
        "SoccerTwos.IsTraining.mean": {
            "value": 1.0,
            "min": 1.0,
            "max": 1.0,
            "count": 311
        },
        "SoccerTwos.IsTraining.sum": {
            "value": 1.0,
            "min": 1.0,
            "max": 1.0,
            "count": 311
        },
        "SoccerTwos.Losses.PolicyLoss.mean": {
            "value": 0.019466919636922993,
            "min": 0.01571386585419532,
            "max": 0.02847134292177442,
            "count": 241
        },
        "SoccerTwos.Losses.PolicyLoss.sum": {
            "value": 0.019466919636922993,
            "min": 0.01571386585419532,
            "max": 0.02847134292177442,
            "count": 241
        },
        "SoccerTwos.Losses.ValueLoss.mean": {
            "value": 891.030771891276,
            "min": 407.6068968161558,
            "max": 3385.9620225694443,
            "count": 241
        },
        "SoccerTwos.Losses.ValueLoss.sum": {
            "value": 891.030771891276,
            "min": 407.6068968161558,
            "max": 3385.9620225694443,
            "count": 241
        },
        "SoccerTwos.Losses.BaselineLoss.mean": {
            "value": 1352.106909857856,
            "min": 605.0152149689503,
            "max": 15087.417724609375,
            "count": 241
        },
        "SoccerTwos.Losses.BaselineLoss.sum": {
            "value": 1352.106909857856,
            "min": 605.0152149689503,
            "max": 15087.417724609375,
            "count": 241
        },
        "SoccerTwos.Policy.LearningRate.mean": {
            "value": 0.0003,
            "min": 0.0003,
            "max": 0.0003,
            "count": 241
        },
        "SoccerTwos.Policy.LearningRate.sum": {
            "value": 0.0003,
            "min": 0.0003,
            "max": 0.0003,
            "count": 241
        },
        "SoccerTwos.Policy.Epsilon.mean": {
            "value": 0.20000000000000004,
            "min": 0.20000000000000004,
            "max": 0.20000000000000004,
            "count": 241
        },
        "SoccerTwos.Policy.Epsilon.sum": {
            "value": 0.20000000000000004,
            "min": 0.20000000000000004,
            "max": 0.20000000000000004,
            "count": 241
        },
        "SoccerTwos.Policy.Beta.mean": {
            "value": 0.005000000000000001,
            "min": 0.005000000000000001,
            "max": 0.005000000000000001,
            "count": 241
        },
        "SoccerTwos.Policy.Beta.sum": {
            "value": 0.005000000000000001,
            "min": 0.005000000000000001,
            "max": 0.005000000000000001,
            "count": 241
        }
    },
    "metadata": {
        "timer_format_version": "0.1.0",
        "start_time_seconds": "1685527324",
        "python_version": "3.8.16 (default, Mar  2 2023, 03:18:16) [MSC v.1916 64 bit (AMD64)]",
        "command_line_arguments": "C:\\Users\\asuca\\anaconda3\\envs\\unity38\\Scripts\\mlagents-learn config\\ppo\\Soccer.yaml --force --run-id=BuscaDeGol --initialize-from TouchBall",
        "mlagents_version": "0.30.0",
        "mlagents_envs_version": "0.30.0",
        "communication_protocol_version": "1.5.0",
        "pytorch_version": "1.7.1+cu110",
        "numpy_version": "1.23.5",
        "end_time_seconds": "1685541784"
    },
    "total": 14460.136671,
    "count": 1,
    "self": 0.006400999998732004,
    "children": {
        "run_training.setup": {
            "total": 0.08715519999999999,
            "count": 1,
            "self": 0.08715519999999999
        },
        "TrainerController.start_learning": {
            "total": 14460.0431148,
            "count": 1,
            "self": 2.6221222002677678,
            "children": {
                "TrainerController._reset_env": {
                    "total": 65.29570670000825,
                    "count": 564,
                    "self": 65.29570670000825
                },
                "TrainerController.advance": {
                    "total": 14391.824516899725,
                    "count": 124849,
                    "self": 2.8534524999940913,
                    "children": {
                        "env_step": {
                            "total": 7705.630008199801,
                            "count": 124849,
                            "self": 6808.319348000359,